xy_id,x_from_sw_m,y_from_sw_m,terrain_msl_m,topo_burn_top_msl_m,powerline_kind_in_xy,powerline_line_height_agl_m,powerline_line_base_msl_m,powerline_line_effective_base_msl_m,powerline_line_top_msl_m,powerline_pole_height_agl_m,powerline_pole_base_msl_m,powerline_pole_effective_base_msl_m,powerline_pole_top_msl_m
3782,1775.0,1875.0,29.67816162109375,30.0,line,35.0,62.17816162109375,62.17816162109375,67.17816162109375,0.0,29.67816162109375,30.0,29.67816162109375
3783,1775.0,1925.0,27.747333526611328,30.0,line+pole,35.0,60.24733352661133,60.24733352661133,65.24733352661133,35.0,27.747333526611328,30.0,62.74733352661133
3889,1825.0,1875.0,27.78429412841797,30.0,line,35.0,60.28429412841797,60.28429412841797,65.28429412841797,0.0,27.78429412841797,30.0,27.78429412841797
3890,1825.0,1925.0,25.010801315307617,30.0,line,35.0,57.51080131530762,57.51080131530762,62.51080131530762,0.0,25.010801315307617,30.0,25.010801315307617
3995,1875.0,1825.0,25.94011116027832,30.0,line,35.0,58.44011116027832,58.44011116027832,63.44011116027832,0.0,25.94011116027832,30.0,25.94011116027832
3996,1875.0,1875.0,23.87946891784668,25.0,line+pole,35.0,56.37946891784668,56.37946891784668,61.37946891784668,35.0,23.87946891784668,25.0,58.87946891784668
3997,1875.0,1925.0,25.152860641479492,30.0,line+pole,35.0,57.65286064147949,57.65286064147949,62.65286064147949,35.0,25.152860641479492,30.0,60.15286064147949
4101,1925.0,1775.0,19.256053924560547,20.0,line,35.0,51.75605392456055,51.75605392456055,56.75605392456055,0.0,19.256053924560547,20.0,19.256053924560547
4102,1925.0,1825.0,21.724422454833984,25.0,line,35.0,54.224422454833984,54.224422454833984,59.224422454833984,0.0,21.724422454833984,25.0,21.724422454833984
4103,1925.0,1875.0,23.574026107788086,25.0,line,35.0,56.074026107788086,56.074026107788086,61.074026107788086,0.0,23.574026107788086,25.0,23.574026107788086
4207,1975.0,1725.0,18.71091079711914,20.0,line,35.0,51.21091079711914,51.21091079711914,56.21091079711914,0.0,18.71091079711914,20.0,18.71091079711914
4208,1975.0,1775.0,18.452608108520508,20.0,line+pole,35.0,50.95260810852051,50.95260810852051,55.95260810852051,35.0,18.452608108520508,20.0,53.45260810852051
4209,1975.0,1825.0,20.291669845581055,25.0,line,35.0,52.791669845581055,52.791669845581055,57.791669845581055,0.0,20.291669845581055,25.0,20.291669845581055
4313,2025.0,1675.0,22.948728561401367,25.0,line,35.0,55.44872856140137,55.44872856140137,60.44872856140137,0.0,22.948728561401367,25.0,22.948728561401367
4314,2025.0,1725.0,19.222021102905273,20.0,line,35.0,51.72202110290527,51.72202110290527,56.72202110290527,0.0,19.222021102905273,20.0,19.222021102905273
4315,2025.0,1775.0,22.623449325561523,25.0,line,35.0,55.12344932556152,55.12344932556152,60.12344932556152,0.0,22.623449325561523,25.0,22.623449325561523
4419,2075.0,1625.0,28.234867095947266,30.0,line,35.0,60.734867095947266,60.734867095947266,65.73486709594727,0.0,28.234867095947266,30.0,28.234867095947266
4420,2075.0,1675.0,26.39605712890625,30.0,line,35.0,58.89605712890625,58.89605712890625,63.89605712890625,0.0,26.39605712890625,30.0,26.39605712890625
4421,2075.0,1725.0,22.695919036865234,25.0,line,35.0,55.195919036865234,55.195919036865234,60.195919036865234,0.0,22.695919036865234,25.0,22.695919036865234
4525,2125.0,1575.0,28.212404251098633,30.0,line,35.0,60.71240425109863,60.71240425109863,65.71240425109863,0.0,28.212404251098633,30.0,28.212404251098633
4526,2125.0,1625.0,26.789506912231445,30.0,line,35.0,59.289506912231445,59.289506912231445,64.28950691223145,0.0,26.789506912231445,30.0,26.789506912231445
4527,2125.0,1675.0,27.32736587524414,30.0,line,35.0,59.82736587524414,59.82736587524414,64.82736587524414,0.0,27.32736587524414,30.0,27.32736587524414
4631,2175.0,1525.0,24.75982093811035,25.0,line,35.0,57.25982093811035,57.25982093811035,62.25982093811035,0.0,24.75982093811035,25.0,24.75982093811035
4632,2175.0,1575.0,25.320432662963867,30.0,line,35.0,57.82043266296387,57.82043266296387,62.82043266296387,0.0,25.320432662963867,30.0,25.320432662963867
4633,2175.0,1625.0,26.61209487915039,30.0,line,35.0,59.11209487915039,59.11209487915039,64.11209487915039,0.0,26.61209487915039,30.0,26.61209487915039
4737,2225.0,1475.0,25.54109001159668,30.0,line,35.0,58.04109001159668,58.04109001159668,63.04109001159668,0.0,25.54109001159668,30.0,25.54109001159668
4738,2225.0,1525.0,25.747146606445312,30.0,line,35.0,58.24714660644531,58.24714660644531,63.24714660644531,0.0,25.747146606445312,30.0,25.747146606445312
4739,2225.0,1575.0,25.3885555267334,30.0,line,35.0,57.8885555267334,57.8885555267334,62.8885555267334,0.0,25.3885555267334,30.0,25.3885555267334
4843,2275.0,1425.0,24.879182815551758,25.0,line+pole,35.0,57.37918281555176,57.37918281555176,62.37918281555176,35.0,24.879182815551758,25.0,59.87918281555176
4844,2275.0,1475.0,23.44577407836914,25.0,line,35.0,55.94577407836914,55.94577407836914,60.94577407836914,0.0,23.44577407836914,25.0,23.44577407836914
4950,2325.0,1425.0,22.509632110595703,25.0,line,35.0,55.0096321105957,55.0096321105957,60.0096321105957,0.0,22.509632110595703,25.0,22.509632110595703
4951,2325.0,1475.0,22.451074600219727,25.0,line,35.0,54.95107460021973,54.95107460021973,59.95107460021973,0.0,22.451074600219727,25.0,22.451074600219727
5056,2375.0,1375.0,19.349891662597656,20.0,line,35.0,51.849891662597656,51.849891662597656,56.849891662597656,0.0,19.349891662597656,20.0,19.349891662597656
5057,2375.0,1425.0,16.902462005615234,20.0,line,35.0,49.402462005615234,49.402462005615234,54.402462005615234,0.0,16.902462005615234,20.0,16.902462005615234
5163,2425.0,1375.0,20.795482635498047,25.0,line+pole,35.0,53.29548263549805,53.29548263549805,58.29548263549805,35.0,20.795482635498047,25.0,55.79548263549805
5164,2425.0,1425.0,19.46244239807129,20.0,line+pole,35.0,51.96244239807129,51.96244239807129,56.96244239807129,35.0,19.46244239807129,20.0,54.46244239807129
5269,2475.0,1325.0,21.295013427734375,25.0,line,35.0,53.795013427734375,53.795013427734375,58.795013427734375,0.0,21.295013427734375,25.0,21.295013427734375
5270,2475.0,1375.0,22.461488723754883,25.0,line,35.0,54.96148872375488,54.96148872375488,59.96148872375488,0.0,22.461488723754883,25.0,22.461488723754883
5375,2525.0,1275.0,20.803762435913086,25.0,line,35.0,53.303762435913086,53.303762435913086,58.303762435913086,0.0,20.803762435913086,25.0,20.803762435913086
5376,2525.0,1325.0,22.749027252197266,25.0,line,35.0,55.249027252197266,55.249027252197266,60.249027252197266,0.0,22.749027252197266,25.0,22.749027252197266
5377,2525.0,1375.0,23.732343673706055,25.0,line,35.0,56.232343673706055,56.232343673706055,61.232343673706055,0.0,23.732343673706055,25.0,23.732343673706055
5482,2575.0,1275.0,23.600095748901367,25.0,line,35.0,56.10009574890137,56.10009574890137,61.10009574890137,0.0,23.600095748901367,25.0,23.600095748901367
5483,2575.0,1325.0,24.26778221130371,25.0,line,35.0,56.76778221130371,56.76778221130371,61.76778221130371,0.0,24.26778221130371,25.0,24.26778221130371
5588,2625.0,1225.0,21.376375198364258,25.0,line,35.0,53.87637519836426,53.87637519836426,58.87637519836426,0.0,21.376375198364258,25.0,21.376375198364258
5589,2625.0,1275.0,20.979389190673828,25.0,line+pole,35.0,53.47938919067383,53.47938919067383,58.47938919067383,35.0,20.979389190673828,25.0,55.97938919067383
5590,2625.0,1325.0,21.87137222290039,25.0,line,35.0,54.37137222290039,54.37137222290039,59.37137222290039,0.0,21.87137222290039,25.0,21.87137222290039
5693,2675.0,1125.0,20.572420120239258,25.0,line,35.0,53.07242012023926,53.07242012023926,58.07242012023926,0.0,20.572420120239258,25.0,20.572420120239258
5694,2675.0,1175.0,20.863107681274414,25.0,line,35.0,53.363107681274414,53.363107681274414,58.363107681274414,0.0,20.863107681274414,25.0,20.863107681274414
5695,2675.0,1225.0,20.39944076538086,25.0,line,35.0,52.89944076538086,52.89944076538086,57.89944076538086,0.0,20.39944076538086,25.0,20.39944076538086
5696,2675.0,1275.0,21.093090057373047,25.0,line,35.0,53.59309005737305,53.59309005737305,58.59309005737305,0.0,21.093090057373047,25.0,21.093090057373047
5800,2725.0,1125.0,21.55033302307129,25.0,line+pole,35.0,54.05033302307129,54.05033302307129,59.05033302307129,35.0,21.55033302307129,25.0,56.55033302307129
5801,2725.0,1175.0,22.747007369995117,25.0,line+pole,35.0,55.24700736999512,55.24700736999512,60.24700736999512,35.0,22.747007369995117,25.0,57.74700736999512
5907,2775.0,1125.0,19.862817764282227,20.0,line,35.0,52.36281776428223,52.36281776428223,57.36281776428223,0.0,19.862817764282227,20.0,19.862817764282227
5908,2775.0,1175.0,21.50714683532715,25.0,line,35.0,54.00714683532715,54.00714683532715,59.00714683532715,0.0,21.50714683532715,25.0,21.50714683532715
6014,2825.0,1125.0,19.56783103942871,20.0,line,35.0,52.06783103942871,52.06783103942871,57.06783103942871,0.0,19.56783103942871,20.0,19.56783103942871
6015,2825.0,1175.0,22.81118392944336,25.0,line,35.0,55.31118392944336,55.31118392944336,60.31118392944336,0.0,22.81118392944336,25.0,22.81118392944336
6121,2875.0,1125.0,19.961992263793945,20.0,line+pole,35.0,52.461992263793945,52.461992263793945,57.461992263793945,35.0,19.961992263793945,20.0,54.961992263793945
6122,2875.0,1175.0,26.856201171875,30.0,line,35.0,59.356201171875,59.356201171875,64.356201171875,0.0,26.856201171875,30.0,26.856201171875
6228,2925.0,1125.0,19.626590728759766,20.0,line,35.0,52.126590728759766,52.126590728759766,57.126590728759766,0.0,19.626590728759766,20.0,19.626590728759766
6229,2925.0,1175.0,21.71573829650879,25.0,line,35.0,54.21573829650879,54.21573829650879,59.21573829650879,0.0,21.71573829650879,25.0,21.71573829650879
6335,2975.0,1125.0,20.416296005249023,25.0,line,35.0,52.91629600524902,52.91629600524902,57.91629600524902,0.0,20.416296005249023,25.0,20.416296005249023
6336,2975.0,1175.0,25.27765655517578,30.0,line,35.0,57.77765655517578,57.77765655517578,62.77765655517578,0.0,25.27765655517578,30.0,25.27765655517578
6442,3025.0,1125.0,20.472124099731445,25.0,line+pole,35.0,52.972124099731445,52.972124099731445,57.972124099731445,35.0,20.472124099731445,25.0,55.472124099731445
6443,3025.0,1175.0,24.054336547851562,25.0,line,35.0,56.55433654785156,56.55433654785156,61.55433654785156,0.0,24.054336547851562,25.0,24.054336547851562
6549,3075.0,1125.0,20.326520919799805,25.0,line+pole,35.0,52.826520919799805,52.826520919799805,57.826520919799805,35.0,20.326520919799805,25.0,55.326520919799805
6550,3075.0,1175.0,23.558364868164062,25.0,line+pole,35.0,56.05836486816406,56.05836486816406,61.05836486816406,35.0,23.558364868164062,25.0,58.55836486816406
6656,3125.0,1125.0,19.854263305664062,20.0,line,35.0,52.35426330566406,52.35426330566406,57.35426330566406,0.0,19.854263305664062,20.0,19.854263305664062
6657,3125.0,1175.0,23.01418113708496,25.0,line,35.0,55.51418113708496,55.51418113708496,60.51418113708496,0.0,23.01418113708496,25.0,23.01418113708496
6763,3175.0,1125.0,19.084630966186523,20.0,line,35.0,51.58463096618652,51.58463096618652,56.58463096618652,0.0,19.084630966186523,20.0,19.084630966186523
6764,3175.0,1175.0,20.99666404724121,25.0,line,35.0,53.49666404724121,53.49666404724121,58.49666404724121,0.0,20.99666404724121,25.0,20.99666404724121
6870,3225.0,1125.0,18.92386245727539,20.0,line+pole,35.0,51.42386245727539,51.42386245727539,56.42386245727539,35.0,18.92386245727539,20.0,53.92386245727539
6871,3225.0,1175.0,17.867145538330078,20.0,line+pole,35.0,50.36714553833008,50.36714553833008,55.36714553833008,35.0,17.867145538330078,20.0,52.86714553833008
6977,3275.0,1125.0,19.355377197265625,20.0,line,35.0,51.855377197265625,51.855377197265625,56.855377197265625,0.0,19.355377197265625,20.0,19.355377197265625
6978,3275.0,1175.0,20.741769790649414,25.0,line,35.0,53.241769790649414,53.241769790649414,58.241769790649414,0.0,20.741769790649414,25.0,20.741769790649414
7084,3325.0,1125.0,18.324678421020508,20.0,line,35.0,50.82467842102051,50.82467842102051,55.82467842102051,0.0,18.324678421020508,20.0,18.324678421020508
7085,3325.0,1175.0,19.978456497192383,20.0,line,35.0,52.47845649719238,52.47845649719238,57.47845649719238,0.0,19.978456497192383,20.0,19.978456497192383
7191,3375.0,1125.0,18.61494255065918,20.0,line+pole,35.0,51.11494255065918,51.11494255065918,56.11494255065918,35.0,18.61494255065918,20.0,53.61494255065918
7192,3375.0,1175.0,21.7689266204834,25.0,line+pole,35.0,54.2689266204834,54.2689266204834,59.2689266204834,35.0,21.7689266204834,25.0,56.7689266204834
7298,3425.0,1125.0,17.51835823059082,20.0,line,35.0,50.01835823059082,50.01835823059082,55.01835823059082,0.0,17.51835823059082,20.0,17.51835823059082
7299,3425.0,1175.0,21.070697784423828,25.0,line,35.0,53.57069778442383,53.57069778442383,58.57069778442383,0.0,21.070697784423828,25.0,21.070697784423828
7405,3475.0,1125.0,16.872962951660156,20.0,line,35.0,49.372962951660156,49.372962951660156,54.372962951660156,0.0,16.872962951660156,20.0,16.872962951660156
7406,3475.0,1175.0,17.679418563842773,20.0,line,35.0,50.17941856384277,50.17941856384277,55.17941856384277,0.0,17.679418563842773,20.0,17.679418563842773
7512,3525.0,1125.0,16.69870376586914,20.0,line,35.0,49.19870376586914,49.19870376586914,54.19870376586914,0.0,16.69870376586914,20.0,16.69870376586914
7513,3525.0,1175.0,18.131940841674805,20.0,line,35.0,50.631940841674805,50.631940841674805,55.631940841674805,0.0,18.131940841674805,20.0,18.131940841674805
7619,3575.0,1125.0,16.857179641723633,20.0,line+pole,35.0,49.35717964172363,49.35717964172363,54.35717964172363,35.0,16.857179641723633,20.0,51.85717964172363
7620,3575.0,1175.0,21.862701416015625,25.0,line+pole,35.0,54.362701416015625,54.362701416015625,59.362701416015625,35.0,21.862701416015625,25.0,56.862701416015625
7726,3625.0,1125.0,16.579402923583984,20.0,line,35.0,49.079402923583984,49.079402923583984,54.079402923583984,0.0,16.579402923583984,20.0,16.579402923583984
7727,3625.0,1175.0,24.04934310913086,25.0,line,35.0,56.54934310913086,56.54934310913086,61.54934310913086,0.0,24.04934310913086,25.0,24.04934310913086
7833,3675.0,1125.0,16.305438995361328,20.0,line,35.0,48.80543899536133,48.80543899536133,53.80543899536133,0.0,16.305438995361328,20.0,16.305438995361328
7834,3675.0,1175.0,16.94424819946289,20.0,line,35.0,49.44424819946289,49.44424819946289,54.44424819946289,0.0,16.94424819946289,20.0,16.94424819946289
7936,3725.0,925.0,22.249073028564453,25.0,line,35.0,54.74907302856445,54.74907302856445,59.74907302856445,0.0,22.249073028564453,25.0,22.249073028564453
7937,3725.0,975.0,20.537370681762695,25.0,line,35.0,53.037370681762695,53.037370681762695,58.037370681762695,0.0,20.537370681762695,25.0,20.537370681762695
7938,3725.0,1025.0,15.9585599899292,20.0,line,35.0,48.4585599899292,48.4585599899292,53.4585599899292,0.0,15.9585599899292,20.0,15.9585599899292
7939,3725.0,1075.0,16.843095779418945,20.0,line,35.0,49.343095779418945,49.343095779418945,54.343095779418945,0.0,16.843095779418945,20.0,16.843095779418945
7940,3725.0,1125.0,16.65553092956543,20.0,line+pole,35.0,49.15553092956543,49.15553092956543,54.15553092956543,35.0,16.65553092956543,20.0,51.65553092956543
7941,3725.0,1175.0,17.49677085876465,20.0,line+pole,35.0,49.99677085876465,49.99677085876465,54.99677085876465,35.0,17.49677085876465,20.0,52.49677085876465
8038,3775.0,675.0,14.963306427001953,15.0,line,35.0,47.46330642700195,47.46330642700195,52.46330642700195,0.0,14.963306427001953,15.0,14.963306427001953
8039,3775.0,725.0,14.108901023864746,15.0,line,35.0,46.608901023864746,46.608901023864746,51.608901023864746,0.0,14.108901023864746,15.0,14.108901023864746
8040,3775.0,775.0,19.433164596557617,20.0,line,35.0,51.93316459655762,51.93316459655762,56.93316459655762,0.0,19.433164596557617,20.0,19.433164596557617
8041,3775.0,825.0,23.134841918945312,25.0,line,35.0,55.63484191894531,55.63484191894531,60.63484191894531,0.0,23.134841918945312,25.0,23.134841918945312
8042,3775.0,875.0,25.782733917236328,30.0,line,35.0,58.28273391723633,58.28273391723633,63.28273391723633,0.0,25.782733917236328,30.0,25.782733917236328
8043,3775.0,925.0,21.62582015991211,25.0,line,35.0,54.12582015991211,54.12582015991211,59.12582015991211,0.0,21.62582015991211,25.0,21.62582015991211
8044,3775.0,975.0,18.198745727539062,20.0,line,35.0,50.69874572753906,50.69874572753906,55.69874572753906,0.0,18.198745727539062,20.0,18.198745727539062
8045,3775.0,1025.0,15.695265769958496,20.0,line,35.0,48.195265769958496,48.195265769958496,53.195265769958496,0.0,15.695265769958496,20.0,15.695265769958496
8046,3775.0,1075.0,15.805325508117676,20.0,line,35.0,48.305325508117676,48.305325508117676,53.305325508117676,0.0,15.805325508117676,20.0,15.805325508117676
8047,3775.0,1125.0,16.111251831054688,20.0,line,35.0,48.61125183105469,48.61125183105469,53.61125183105469,0.0,16.111251831054688,20.0,16.111251831054688
8048,3775.0,1175.0,16.047502517700195,20.0,line,35.0,48.547502517700195,48.547502517700195,53.547502517700195,0.0,16.047502517700195,20.0,16.047502517700195
8139,3825.0,375.0,19.93683624267578,20.0,line,35.0,52.43683624267578,52.43683624267578,57.43683624267578,0.0,19.93683624267578,20.0,19.93683624267578
8140,3825.0,425.0,18.686542510986328,20.0,line,35.0,51.18654251098633,51.18654251098633,56.18654251098633,0.0,18.686542510986328,20.0,18.686542510986328
8141,3825.0,475.0,18.676408767700195,20.0,line,35.0,51.176408767700195,51.176408767700195,56.176408767700195,0.0,18.676408767700195,20.0,18.676408767700195
8142,3825.0,525.0,19.240800857543945,20.0,line,35.0,51.740800857543945,51.740800857543945,56.740800857543945,0.0,19.240800857543945,20.0,19.240800857543945
8143,3825.0,575.0,13.388739585876465,15.0,line,35.0,45.888739585876465,45.888739585876465,50.888739585876465,0.0,13.388739585876465,15.0,13.388739585876465
8144,3825.0,625.0,12.103287696838379,15.0,line,35.0,44.60328769683838,44.60328769683838,49.60328769683838,0.0,12.103287696838379,15.0,12.103287696838379
8145,3825.0,675.0,14.274253845214844,15.0,line,35.0,46.774253845214844,46.774253845214844,51.774253845214844,0.0,14.274253845214844,15.0,14.274253845214844
8146,3825.0,725.0,15.407282829284668,20.0,line,35.0,47.90728282928467,47.90728282928467,52.90728282928467,0.0,15.407282829284668,20.0,15.407282829284668
8147,3825.0,775.0,18.120437622070312,20.0,line,35.0,50.62043762207031,50.62043762207031,55.62043762207031,0.0,18.120437622070312,20.0,18.120437622070312
8148,3825.0,825.0,18.98409652709961,20.0,line,35.0,51.48409652709961,51.48409652709961,56.48409652709961,0.0,18.98409652709961,20.0,18.98409652709961
8154,3825.0,1125.0,15.781388282775879,20.0,line,35.0,48.28138828277588,48.28138828277588,53.28138828277588,0.0,15.781388282775879,20.0,15.781388282775879
8155,3825.0,1175.0,16.037742614746094,20.0,line,35.0,48.537742614746094,48.537742614746094,53.537742614746094,0.0,16.037742614746094,20.0,16.037742614746094
8242,3875.0,175.0,15.484016418457031,20.0,line,35.0,47.98401641845703,47.98401641845703,52.98401641845703,0.0,15.484016418457031,20.0,15.484016418457031
8243,3875.0,225.0,13.309331893920898,15.0,line,35.0,45.8093318939209,45.8093318939209,50.8093318939209,0.0,13.309331893920898,15.0,13.309331893920898
8244,3875.0,275.0,12.915827751159668,15.0,line,35.0,45.41582775115967,45.41582775115967,50.41582775115967,0.0,12.915827751159668,15.0,12.915827751159668
8245,3875.0,325.0,15.431206703186035,20.0,line,35.0,47.931206703186035,47.931206703186035,52.931206703186035,0.0,15.431206703186035,20.0,15.431206703186035
8246,3875.0,375.0,18.08725357055664,20.0,line,35.0,50.58725357055664,50.58725357055664,55.58725357055664,0.0,18.08725357055664,20.0,18.08725357055664
8247,3875.0,425.0,17.281850814819336,20.0,line,35.0,49.781850814819336,49.781850814819336,54.781850814819336,0.0,17.281850814819336,20.0,17.281850814819336
8248,3875.0,475.0,16.600566864013672,20.0,line,35.0,49.10056686401367,49.10056686401367,54.10056686401367,0.0,16.600566864013672,20.0,16.600566864013672
8249,3875.0,525.0,15.865432739257812,20.0,line,35.0,48.36543273925781,48.36543273925781,53.36543273925781,0.0,15.865432739257812,20.0,15.865432739257812
8250,3875.0,575.0,11.92197036743164,15.0,line,35.0,44.42197036743164,44.42197036743164,49.42197036743164,0.0,11.92197036743164,15.0,11.92197036743164
8261,3875.0,1125.0,15.983220100402832,20.0,line,35.0,48.48322010040283,48.48322010040283,53.48322010040283,0.0,15.983220100402832,20.0,15.983220100402832
8262,3875.0,1175.0,20.093791961669922,25.0,line+pole,35.0,52.59379196166992,52.59379196166992,57.59379196166992,35.0,20.093791961669922,25.0,55.09379196166992
8349,3925.0,175.0,15.484016418457031,20.0,line,35.0,47.98401641845703,47.98401641845703,52.98401641845703,0.0,15.484016418457031,20.0,15.484016418457031
8350,3925.0,225.0,12.911136627197266,15.0,line,35.0,45.411136627197266,45.411136627197266,50.411136627197266,0.0,12.911136627197266,15.0,12.911136627197266
8351,3925.0,275.0,12.802363395690918,15.0,line,35.0,45.30236339569092,45.30236339569092,50.30236339569092,0.0,12.802363395690918,15.0,12.802363395690918
8368,3925.0,1125.0,16.224750518798828,20.0,line,35.0,48.72475051879883,48.72475051879883,53.72475051879883,0.0,16.224750518798828,20.0,16.224750518798828
8369,3925.0,1175.0,16.794261932373047,20.0,line,35.0,49.29426193237305,49.29426193237305,54.29426193237305,0.0,16.794261932373047,20.0,16.794261932373047
8475,3975.0,1125.0,16.4024600982666,20.0,line,35.0,48.9024600982666,48.9024600982666,53.9024600982666,0.0,16.4024600982666,20.0,16.4024600982666
8476,3975.0,1175.0,17.28008270263672,20.0,line,35.0,49.78008270263672,49.78008270263672,54.78008270263672,0.0,17.28008270263672,20.0,17.28008270263672
8582,4025.0,1125.0,16.005136489868164,20.0,line,35.0,48.505136489868164,48.505136489868164,53.505136489868164,0.0,16.005136489868164,20.0,16.005136489868164
8583,4025.0,1175.0,18.226696014404297,20.0,line+pole,35.0,50.7266960144043,50.7266960144043,55.7266960144043,35.0,18.226696014404297,20.0,53.2266960144043
8689,4075.0,1125.0,15.432230949401855,20.0,line,35.0,47.932230949401855,47.932230949401855,52.932230949401855,0.0,15.432230949401855,20.0,15.432230949401855
8690,4075.0,1175.0,13.49828815460205,15.0,line,35.0,45.99828815460205,45.99828815460205,50.99828815460205,0.0,13.49828815460205,15.0,13.49828815460205
8796,4125.0,1125.0,15.338403701782227,20.0,line,35.0,47.83840370178223,47.83840370178223,52.83840370178223,0.0,15.338403701782227,20.0,15.338403701782227
8797,4125.0,1175.0,12.93069076538086,15.0,line,35.0,45.43069076538086,45.43069076538086,50.43069076538086,0.0,12.93069076538086,15.0,12.93069076538086
8903,4175.0,1125.0,15.229061126708984,20.0,line,35.0,47.729061126708984,47.729061126708984,52.729061126708984,0.0,15.229061126708984,20.0,15.229061126708984
8904,4175.0,1175.0,13.688131332397461,15.0,line+pole,35.0,46.18813133239746,46.18813133239746,51.18813133239746,35.0,13.688131332397461,15.0,48.68813133239746
9010,4225.0,1125.0,14.929295539855957,15.0,line,35.0,47.42929553985596,47.42929553985596,52.42929553985596,0.0,14.929295539855957,15.0,14.929295539855957
9011,4225.0,1175.0,15.433308601379395,20.0,line,35.0,47.933308601379395,47.933308601379395,52.933308601379395,0.0,15.433308601379395,20.0,15.433308601379395
9118,4275.0,1175.0,16.97305679321289,20.0,line,35.0,49.47305679321289,49.47305679321289,54.47305679321289,0.0,16.97305679321289,20.0,16.97305679321289
9225,4325.0,1175.0,19.18626594543457,20.0,line+pole,35.0,51.68626594543457,51.68626594543457,56.68626594543457,35.0,19.18626594543457,20.0,54.18626594543457
9332,4375.0,1175.0,17.612329483032227,20.0,line+pole,35.0,50.11232948303223,50.11232948303223,55.11232948303223,35.0,17.612329483032227,20.0,52.61232948303223
9439,4425.0,1175.0,16.620296478271484,20.0,line,35.0,49.120296478271484,49.120296478271484,54.120296478271484,0.0,16.620296478271484,20.0,16.620296478271484
9440,4425.0,1225.0,21.27170181274414,25.0,line,35.0,53.77170181274414,53.77170181274414,58.77170181274414,0.0,21.27170181274414,25.0,21.27170181274414
9441,4425.0,1275.0,22.555034637451172,25.0,line,35.0,55.05503463745117,55.05503463745117,60.05503463745117,0.0,22.555034637451172,25.0,22.555034637451172
9546,4475.0,1175.0,13.665325164794922,15.0,line+pole,35.0,46.16532516479492,46.16532516479492,51.16532516479492,35.0,13.665325164794922,15.0,48.66532516479492
9547,4475.0,1225.0,19.426855087280273,20.0,line,35.0,51.92685508728027,51.92685508728027,56.92685508728027,0.0,19.426855087280273,20.0,19.426855087280273
9548,4475.0,1275.0,21.218097686767578,25.0,line,35.0,53.71809768676758,53.71809768676758,58.71809768676758,0.0,21.218097686767578,25.0,21.218097686767578
9652,4525.0,1125.0,12.246777534484863,15.0,line,35.0,44.74677753448486,44.74677753448486,49.74677753448486,0.0,12.246777534484863,15.0,12.246777534484863
9653,4525.0,1175.0,13.993435859680176,15.0,line,35.0,46.493435859680176,46.493435859680176,51.493435859680176,0.0,13.993435859680176,15.0,13.993435859680176
9654,4525.0,1225.0,18.981630325317383,20.0,line,35.0,51.48163032531738,51.48163032531738,56.48163032531738,0.0,18.981630325317383,20.0,18.981630325317383
9655,4525.0,1275.0,22.853317260742188,25.0,line,35.0,55.35331726074219,55.35331726074219,60.35331726074219,0.0,22.853317260742188,25.0,22.853317260742188
9759,4575.0,1125.0,12.519253730773926,15.0,line,35.0,45.019253730773926,45.019253730773926,50.019253730773926,0.0,12.519253730773926,15.0,12.519253730773926
9760,4575.0,1175.0,15.832012176513672,20.0,line,35.0,48.33201217651367,48.33201217651367,53.33201217651367,0.0,15.832012176513672,20.0,15.832012176513672
9866,4625.0,1125.0,12.954216957092285,15.0,line,35.0,45.454216957092285,45.454216957092285,50.454216957092285,0.0,12.954216957092285,15.0,12.954216957092285
9867,4625.0,1175.0,16.25020408630371,20.0,line+pole,35.0,48.75020408630371,48.75020408630371,53.75020408630371,35.0,16.25020408630371,20.0,51.25020408630371
9949,4625.0,5275.0,14.54466724395752,15.0,line,35.0,47.04466724395752,47.04466724395752,52.04466724395752,0.0,14.54466724395752,15.0,14.54466724395752
9950,4625.0,5325.0,15.484016418457031,20.0,line,35.0,47.98401641845703,47.98401641845703,52.98401641845703,0.0,15.484016418457031,20.0,15.484016418457031
9973,4675.0,1125.0,13.865619659423828,15.0,line,35.0,46.36561965942383,46.36561965942383,51.36561965942383,0.0,13.865619659423828,15.0,13.865619659423828
9974,4675.0,1175.0,15.761483192443848,20.0,line,35.0,48.26148319244385,48.26148319244385,53.26148319244385,0.0,15.761483192443848,20.0,15.761483192443848
10053,4675.0,5125.0,13.025235176086426,15.0,line,35.0,45.525235176086426,45.525235176086426,50.525235176086426,0.0,13.025235176086426,15.0,13.025235176086426
10054,4675.0,5175.0,14.237428665161133,15.0,line,35.0,46.73742866516113,46.73742866516113,51.73742866516113,0.0,14.237428665161133,15.0,14.237428665161133
10055,4675.0,5225.0,14.375350952148438,15.0,line+pole,35.0,46.87535095214844,46.87535095214844,51.87535095214844,35.0,14.375350952148438,15.0,49.37535095214844
10056,4675.0,5275.0,13.51596450805664,15.0,line+pole,35.0,46.01596450805664,46.01596450805664,51.01596450805664,35.0,13.51596450805664,15.0,48.51596450805664
10057,4675.0,5325.0,15.484016418457031,20.0,line,35.0,47.98401641845703,47.98401641845703,52.98401641845703,0.0,15.484016418457031,20.0,15.484016418457031
10080,4725.0,1125.0,13.647210121154785,15.0,line,35.0,46.147210121154785,46.147210121154785,51.147210121154785,0.0,13.647210121154785,15.0,13.647210121154785
10081,4725.0,1175.0,14.699943542480469,15.0,line,35.0,47.19994354248047,47.19994354248047,52.19994354248047,0.0,14.699943542480469,15.0,14.699943542480469
10158,4725.0,5025.0,13.011398315429688,15.0,line+pole,35.0,45.51139831542969,45.51139831542969,50.51139831542969,35.0,13.011398315429688,15.0,48.01139831542969
10159,4725.0,5075.0,13.179118156433105,15.0,line,35.0,45.679118156433105,45.679118156433105,50.679118156433105,0.0,13.179118156433105,15.0,13.179118156433105
10160,4725.0,5125.0,13.551701545715332,15.0,line,35.0,46.05170154571533,46.05170154571533,51.05170154571533,0.0,13.551701545715332,15.0,13.551701545715332
10161,4725.0,5175.0,14.229450225830078,15.0,line,35.0,46.72945022583008,46.72945022583008,51.72945022583008,0.0,14.229450225830078,15.0,14.229450225830078
10162,4725.0,5225.0,13.999634742736816,15.0,line,35.0,46.499634742736816,46.499634742736816,51.499634742736816,0.0,13.999634742736816,15.0,13.999634742736816
10187,4775.0,1125.0,13.817764282226562,15.0,line,35.0,46.31776428222656,46.31776428222656,51.31776428222656,0.0,13.817764282226562,15.0,13.817764282226562
10188,4775.0,1175.0,15.055987358093262,20.0,line+pole,35.0,47.55598735809326,47.55598735809326,52.55598735809326,35.0,15.055987358093262,20.0,50.05598735809326
10264,4775.0,4975.0,11.720410346984863,15.0,line,35.0,44.22041034698486,44.22041034698486,49.22041034698486,0.0,11.720410346984863,15.0,11.720410346984863
10265,4775.0,5025.0,10.584711074829102,15.0,line+pole,35.0,43.0847110748291,43.0847110748291,48.0847110748291,35.0,10.584711074829102,15.0,45.5847110748291
10266,4775.0,5075.0,11.568007469177246,15.0,line,35.0,44.068007469177246,44.068007469177246,49.068007469177246,0.0,11.568007469177246,15.0,11.568007469177246
10294,4825.0,1125.0,14.120512008666992,15.0,line,35.0,46.62051200866699,46.62051200866699,51.62051200866699,0.0,14.120512008666992,15.0,14.120512008666992
10295,4825.0,1175.0,15.213760375976562,20.0,line,35.0,47.71376037597656,47.71376037597656,52.71376037597656,0.0,15.213760375976562,20.0,15.213760375976562
10370,4825.0,4925.0,13.164800643920898,15.0,line,35.0,45.6648006439209,45.6648006439209,50.6648006439209,0.0,13.164800643920898,15.0,13.164800643920898
10371,4825.0,4975.0,9.733972549438477,10.0,line,35.0,42.23397254943848,42.23397254943848,47.23397254943848,0.0,9.733972549438477,10.0,9.733972549438477
10372,4825.0,5025.0,10.722617149353027,15.0,line,35.0,43.22261714935303,43.22261714935303,48.22261714935303,0.0,10.722617149353027,15.0,10.722617149353027
10401,4875.0,1125.0,13.877835273742676,15.0,line,35.0,46.377835273742676,46.377835273742676,51.377835273742676,0.0,13.877835273742676,15.0,13.877835273742676
10402,4875.0,1175.0,15.037220001220703,20.0,line,35.0,47.5372200012207,47.5372200012207,52.5372200012207,0.0,15.037220001220703,20.0,15.037220001220703
10476,4875.0,4875.0,11.639970779418945,15.0,line,35.0,44.139970779418945,44.139970779418945,49.139970779418945,0.0,11.639970779418945,15.0,11.639970779418945
10477,4875.0,4925.0,12.289563179016113,15.0,line+pole,35.0,44.78956317901611,44.78956317901611,49.78956317901611,35.0,12.289563179016113,15.0,47.28956317901611
10478,4875.0,4975.0,10.327434539794922,15.0,line,35.0,42.82743453979492,42.82743453979492,47.82743453979492,0.0,10.327434539794922,15.0,10.327434539794922
10508,4925.0,1125.0,13.763103485107422,15.0,line+pole,35.0,46.26310348510742,46.26310348510742,51.26310348510742,35.0,13.763103485107422,15.0,48.76310348510742
10509,4925.0,1175.0,15.03961181640625,20.0,line+pole,35.0,47.53961181640625,47.53961181640625,52.53961181640625,35.0,15.03961181640625,20.0,50.03961181640625
10583,4925.0,4875.0,9.860922813415527,10.0,line,35.0,42.36092281341553,42.36092281341553,47.36092281341553,0.0,9.860922813415527,10.0,9.860922813415527
10584,4925.0,4925.0,9.463964462280273,10.0,line+pole,35.0,41.96396446228027,41.96396446228027,46.96396446228027,35.0,9.463964462280273,10.0,44.46396446228027
10615,4975.0,1125.0,12.86701488494873,15.0,line+pole,35.0,45.36701488494873,45.36701488494873,50.36701488494873,35.0,12.86701488494873,15.0,47.86701488494873
10616,4975.0,1175.0,13.540589332580566,15.0,line+pole,35.0,46.040589332580566,46.040589332580566,51.040589332580566,35.0,13.540589332580566,15.0,48.540589332580566
10689,4975.0,4825.0,10.775538444519043,15.0,line,35.0,43.27553844451904,43.27553844451904,48.27553844451904,0.0,10.775538444519043,15.0,10.775538444519043
10690,4975.0,4875.0,10.531097412109375,15.0,line,35.0,43.031097412109375,43.031097412109375,48.031097412109375,0.0,10.531097412109375,15.0,10.531097412109375
10722,5025.0,1125.0,12.821833610534668,15.0,line,35.0,45.32183361053467,45.32183361053467,50.32183361053467,0.0,12.821833610534668,15.0,12.821833610534668
10723,5025.0,1175.0,12.274039268493652,15.0,line,35.0,44.77403926849365,44.77403926849365,49.77403926849365,0.0,12.274039268493652,15.0,12.274039268493652
10795,5025.0,4775.0,10.653252601623535,15.0,line,35.0,43.153252601623535,43.153252601623535,48.153252601623535,0.0,10.653252601623535,15.0,10.653252601623535
10796,5025.0,4825.0,10.30811882019043,15.0,line,35.0,42.80811882019043,42.80811882019043,47.80811882019043,0.0,10.30811882019043,15.0,10.30811882019043
10797,5025.0,4875.0,10.153764724731445,15.0,line,35.0,42.653764724731445,42.653764724731445,47.653764724731445,0.0,10.153764724731445,15.0,10.153764724731445
10829,5075.0,1125.0,12.38339614868164,15.0,line,35.0,44.88339614868164,44.88339614868164,49.88339614868164,0.0,12.38339614868164,15.0,12.38339614868164
10830,5075.0,1175.0,11.686698913574219,15.0,line,35.0,44.18669891357422,44.18669891357422,49.18669891357422,0.0,11.686698913574219,15.0,11.686698913574219
10901,5075.0,4725.0,10.454032897949219,15.0,line,35.0,42.95403289794922,42.95403289794922,47.95403289794922,0.0,10.454032897949219,15.0,10.454032897949219
10902,5075.0,4775.0,11.38489818572998,15.0,line+pole,35.0,43.88489818572998,43.88489818572998,48.88489818572998,35.0,11.38489818572998,15.0,46.38489818572998
10903,5075.0,4825.0,12.162152290344238,15.0,line,35.0,44.66215229034424,44.66215229034424,49.66215229034424,0.0,12.162152290344238,15.0,12.162152290344238
10936,5125.0,1125.0,12.342008590698242,15.0,line+pole,35.0,44.84200859069824,44.84200859069824,49.84200859069824,35.0,12.342008590698242,15.0,47.34200859069824
10937,5125.0,1175.0,11.627152442932129,15.0,line+pole,35.0,44.12715244293213,44.12715244293213,49.12715244293213,35.0,11.627152442932129,15.0,46.62715244293213
11007,5125.0,4675.0,11.377209663391113,15.0,line,35.0,43.87720966339111,43.87720966339111,48.87720966339111,0.0,11.377209663391113,15.0,11.377209663391113
11008,5125.0,4725.0,9.426149368286133,10.0,line,35.0,41.92614936828613,41.92614936828613,46.92614936828613,0.0,9.426149368286133,10.0,9.426149368286133
11009,5125.0,4775.0,11.444156646728516,15.0,line,35.0,43.944156646728516,43.944156646728516,48.944156646728516,0.0,11.444156646728516,15.0,11.444156646728516
11043,5175.0,1125.0,12.469560623168945,15.0,line,35.0,44.969560623168945,44.969560623168945,49.969560623168945,0.0,12.469560623168945,15.0,12.469560623168945
11044,5175.0,1175.0,12.058082580566406,15.0,line,35.0,44.558082580566406,44.558082580566406,49.558082580566406,0.0,12.058082580566406,15.0,12.058082580566406
11114,5175.0,4675.0,9.573103904724121,10.0,line,35.0,42.07310390472412,42.07310390472412,47.07310390472412,0.0,9.573103904724121,10.0,9.573103904724121
11115,5175.0,4725.0,8.930912017822266,10.0,line,35.0,41.430912017822266,41.430912017822266,46.430912017822266,0.0,8.930912017822266,10.0,8.930912017822266
11150,5225.0,1125.0,11.911498069763184,15.0,line,35.0,44.411498069763184,44.411498069763184,49.411498069763184,0.0,11.911498069763184,15.0,11.911498069763184
11151,5225.0,1175.0,12.322358131408691,15.0,line,35.0,44.82235813140869,44.82235813140869,49.82235813140869,0.0,12.322358131408691,15.0,12.322358131408691
11187,5225.0,2975.0,7.7075018882751465,10.0,line,35.0,40.20750188827515,40.20750188827515,45.20750188827515,0.0,7.7075018882751465,10.0,7.7075018882751465
11188,5225.0,3025.0,9.259474754333496,10.0,line,35.0,41.759474754333496,41.759474754333496,46.759474754333496,0.0,9.259474754333496,10.0,9.259474754333496
11189,5225.0,3075.0,7.361715793609619,10.0,line,35.0,39.86171579360962,39.86171579360962,44.86171579360962,0.0,7.361715793609619,10.0,7.361715793609619
11190,5225.0,3125.0,8.07844066619873,10.0,line+pole,35.0,40.57844066619873,40.57844066619873,45.57844066619873,35.0,8.07844066619873,10.0,43.07844066619873
11191,5225.0,3175.0,8.74845027923584,10.0,line,35.0,41.24845027923584,41.24845027923584,46.24845027923584,0.0,8.74845027923584,10.0,8.74845027923584
11192,5225.0,3225.0,8.840211868286133,10.0,line,35.0,41.34021186828613,41.34021186828613,46.34021186828613,0.0,8.840211868286133,10.0,8.840211868286133
11193,5225.0,3275.0,9.92325496673584,10.0,line,35.0,42.42325496673584,42.42325496673584,47.42325496673584,0.0,9.92325496673584,10.0,9.92325496673584
11194,5225.0,3325.0,8.504201889038086,10.0,line,35.0,41.004201889038086,41.004201889038086,46.004201889038086,0.0,8.504201889038086,10.0,8.504201889038086
11195,5225.0,3375.0,7.259953498840332,10.0,line,35.0,39.75995349884033,39.75995349884033,44.75995349884033,0.0,7.259953498840332,10.0,7.259953498840332
11196,5225.0,3425.0,6.765651226043701,10.0,line,35.0,39.2656512260437,39.2656512260437,44.2656512260437,0.0,6.765651226043701,10.0,6.765651226043701
11197,5225.0,3475.0,8.104498863220215,10.0,line,35.0,40.604498863220215,40.604498863220215,45.604498863220215,0.0,8.104498863220215,10.0,8.104498863220215
11198,5225.0,3525.0,6.031847953796387,10.0,line,35.0,38.53184795379639,38.53184795379639,43.53184795379639,0.0,6.031847953796387,10.0,6.031847953796387
11220,5225.0,4625.0,9.033647537231445,10.0,line,35.0,41.533647537231445,41.533647537231445,46.533647537231445,0.0,9.033647537231445,10.0,9.033647537231445
11221,5225.0,4675.0,8.491233825683594,10.0,line,35.0,40.991233825683594,40.991233825683594,45.991233825683594,0.0,8.491233825683594,10.0,8.491233825683594
11257,5275.0,1125.0,11.599743843078613,15.0,line+pole,35.0,44.09974384307861,44.09974384307861,49.09974384307861,35.0,11.599743843078613,15.0,46.59974384307861
11258,5275.0,1175.0,11.746606826782227,15.0,line,35.0,44.24660682678223,44.24660682678223,49.24660682678223,0.0,11.746606826782227,15.0,11.746606826782227
11265,5275.0,1525.0,12.994434356689453,15.0,line+pole,35.0,45.49443435668945,45.49443435668945,50.49443435668945,35.0,12.994434356689453,15.0,47.99443435668945
11266,5275.0,1575.0,12.216754913330078,15.0,line,35.0,44.71675491333008,44.71675491333008,49.71675491333008,0.0,12.216754913330078,15.0,12.216754913330078
11267,5275.0,1625.0,11.298676490783691,15.0,line+pole,35.0,43.79867649078369,43.79867649078369,48.79867649078369,35.0,11.298676490783691,15.0,46.29867649078369
11268,5275.0,1675.0,9.614028930664062,10.0,line,35.0,42.11402893066406,42.11402893066406,47.11402893066406,0.0,9.614028930664062,10.0,9.614028930664062
11269,5275.0,1725.0,9.017876625061035,10.0,line+pole,35.0,41.517876625061035,41.517876625061035,46.517876625061035,35.0,9.017876625061035,10.0,44.017876625061035
11270,5275.0,1775.0,7.766063690185547,10.0,line,35.0,40.26606369018555,40.26606369018555,45.26606369018555,0.0,7.766063690185547,10.0,7.766063690185547
11289,5275.0,2725.0,6.0,10.0,line,35.0,38.5,38.5,43.5,0.0,6.0,10.0,6.0
11290,5275.0,2775.0,6.0,10.0,line,35.0,38.5,38.5,43.5,0.0,6.0,10.0,6.0
11291,5275.0,2825.0,7.784501075744629,10.0,line+pole,35.0,40.28450107574463,40.28450107574463,45.28450107574463,35.0,7.784501075744629,10.0,42.78450107574463
11292,5275.0,2875.0,13.481816291809082,15.0,line,35.0,45.98181629180908,45.98181629180908,50.98181629180908,0.0,13.481816291809082,15.0,13.481816291809082
11293,5275.0,2925.0,14.328155517578125,15.0,line+pole,35.0,46.828155517578125,46.828155517578125,51.828155517578125,35.0,14.328155517578125,15.0,49.328155517578125
11294,5275.0,2975.0,12.99064826965332,15.0,line,35.0,45.49064826965332,45.49064826965332,50.49064826965332,0.0,12.99064826965332,15.0,12.99064826965332
11295,5275.0,3025.0,12.464532852172852,15.0,line,35.0,44.96453285217285,44.96453285217285,49.96453285217285,0.0,12.464532852172852,15.0,12.464532852172852
11296,5275.0,3075.0,12.842452049255371,15.0,line,35.0,45.34245204925537,45.34245204925537,50.34245204925537,0.0,12.842452049255371,15.0,12.842452049255371
11297,5275.0,3125.0,11.743496894836426,15.0,line,35.0,44.243496894836426,44.243496894836426,49.243496894836426,0.0,11.743496894836426,15.0,11.743496894836426
11298,5275.0,3175.0,9.068349838256836,10.0,line,35.0,41.568349838256836,41.568349838256836,46.568349838256836,0.0,9.068349838256836,10.0,9.068349838256836
11299,5275.0,3225.0,6.146093368530273,10.0,line,35.0,38.64609336853027,38.64609336853027,43.64609336853027,0.0,6.146093368530273,10.0,6.146093368530273
11300,5275.0,3275.0,5.967317581176758,10.0,line,35.0,38.46731758117676,38.46731758117676,43.46731758117676,0.0,5.967317581176758,10.0,5.967317581176758
11301,5275.0,3325.0,7.066658973693848,10.0,line,35.0,39.56665897369385,39.56665897369385,44.56665897369385,0.0,7.066658973693848,10.0,7.066658973693848
11302,5275.0,3375.0,8.652584075927734,10.0,line+pole,35.0,41.152584075927734,41.152584075927734,46.152584075927734,35.0,8.652584075927734,10.0,43.652584075927734
11303,5275.0,3425.0,5.753562927246094,10.0,line+pole,35.0,38.253562927246094,38.253562927246094,43.253562927246094,35.0,5.753562927246094,10.0,40.753562927246094
11304,5275.0,3475.0,5.5,10.0,line,35.0,38.0,38.0,43.0,0.0,5.5,10.0,5.5
11305,5275.0,3525.0,5.5,10.0,line,35.0,38.0,38.0,43.0,0.0,5.5,10.0,5.5
11306,5275.0,3575.0,6.128781318664551,10.0,line,35.0,38.62878131866455,38.62878131866455,43.62878131866455,0.0,6.128781318664551,10.0,6.128781318664551
11307,5275.0,3625.0,7.902215957641602,10.0,line,35.0,40.4022159576416,40.4022159576416,45.4022159576416,0.0,7.902215957641602,10.0,7.902215957641602
11308,5275.0,3675.0,8.610797882080078,10.0,line+pole,35.0,41.11079788208008,41.11079788208008,46.11079788208008,35.0,8.610797882080078,10.0,43.61079788208008
11309,5275.0,3725.0,8.370481491088867,10.0,line,35.0,40.87048149108887,40.87048149108887,45.87048149108887,0.0,8.370481491088867,10.0,8.370481491088867
11310,5275.0,3775.0,7.37165641784668,10.0,line,35.0,39.87165641784668,39.87165641784668,44.87165641784668,0.0,7.37165641784668,10.0,7.37165641784668
11311,5275.0,3825.0,8.83721923828125,10.0,line,35.0,41.33721923828125,41.33721923828125,46.33721923828125,0.0,8.83721923828125,10.0,8.83721923828125
11312,5275.0,3875.0,8.62820053100586,10.0,line,35.0,41.12820053100586,41.12820053100586,46.12820053100586,0.0,8.62820053100586,10.0,8.62820053100586
11313,5275.0,3925.0,8.860429763793945,10.0,line+pole,35.0,41.360429763793945,41.360429763793945,46.360429763793945,35.0,8.860429763793945,10.0,43.860429763793945
11314,5275.0,3975.0,9.5510892868042,10.0,line,35.0,42.0510892868042,42.0510892868042,47.0510892868042,0.0,9.5510892868042,10.0,9.5510892868042
11315,5275.0,4025.0,8.577093124389648,10.0,line,35.0,41.07709312438965,41.07709312438965,46.07709312438965,0.0,8.577093124389648,10.0,8.577093124389648
11316,5275.0,4075.0,8.364341735839844,10.0,line,35.0,40.864341735839844,40.864341735839844,45.864341735839844,0.0,8.364341735839844,10.0,8.364341735839844
11317,5275.0,4125.0,8.415862083435059,10.0,line,35.0,40.91586208343506,40.91586208343506,45.91586208343506,0.0,8.415862083435059,10.0,8.415862083435059
11318,5275.0,4175.0,13.111223220825195,15.0,line+pole,35.0,45.611223220825195,45.611223220825195,50.611223220825195,35.0,13.111223220825195,15.0,48.111223220825195
11319,5275.0,4225.0,13.072273254394531,15.0,line+pole,35.0,45.57227325439453,45.57227325439453,50.57227325439453,35.0,13.072273254394531,15.0,48.07227325439453
11320,5275.0,4275.0,10.07295036315918,15.0,line,35.0,42.57295036315918,42.57295036315918,47.57295036315918,0.0,10.07295036315918,15.0,10.07295036315918
11321,5275.0,4325.0,12.897726058959961,15.0,line+pole,35.0,45.39772605895996,45.39772605895996,50.39772605895996,35.0,12.897726058959961,15.0,47.89772605895996
11322,5275.0,4375.0,14.232434272766113,15.0,line,35.0,46.73243427276611,46.73243427276611,51.73243427276611,0.0,14.232434272766113,15.0,14.232434272766113
11323,5275.0,4425.0,11.137040138244629,15.0,line,35.0,43.63704013824463,43.63704013824463,48.63704013824463,0.0,11.137040138244629,15.0,11.137040138244629
11324,5275.0,4475.0,12.531360626220703,15.0,line,35.0,45.0313606262207,45.0313606262207,50.0313606262207,0.0,12.531360626220703,15.0,12.531360626220703
11326,5275.0,4575.0,12.613956451416016,15.0,line,35.0,45.113956451416016,45.113956451416016,50.113956451416016,0.0,12.613956451416016,15.0,12.613956451416016
11327,5275.0,4625.0,8.810174942016602,10.0,line,35.0,41.3101749420166,41.3101749420166,46.3101749420166,0.0,8.810174942016602,10.0,8.810174942016602
11328,5275.0,4675.0,8.115992546081543,10.0,line,35.0,40.61599254608154,40.61599254608154,45.61599254608154,0.0,8.115992546081543,10.0,8.115992546081543
11364,5325.0,1125.0,8.991387367248535,10.0,line,35.0,41.491387367248535,41.491387367248535,46.491387367248535,0.0,8.991387367248535,10.0,8.991387367248535
11365,5325.0,1175.0,8.011971473693848,10.0,line,35.0,40.51197147369385,40.51197147369385,45.51197147369385,0.0,8.011971473693848,10.0,8.011971473693848
11370,5325.0,1425.0,11.439452171325684,15.0,line+pole,35.0,43.939452171325684,43.939452171325684,48.939452171325684,35.0,11.439452171325684,15.0,46.439452171325684
11371,5325.0,1475.0,12.55371379852295,15.0,line,35.0,45.05371379852295,45.05371379852295,50.05371379852295,0.0,12.55371379852295,15.0,12.55371379852295
11372,5325.0,1525.0,16.819612503051758,20.0,line+pole,35.0,49.31961250305176,49.31961250305176,54.31961250305176,35.0,16.819612503051758,20.0,51.81961250305176
11373,5325.0,1575.0,16.031654357910156,20.0,line,35.0,48.531654357910156,48.531654357910156,53.531654357910156,0.0,16.031654357910156,20.0,16.031654357910156
11374,5325.0,1625.0,13.272283554077148,15.0,line+pole,35.0,45.77228355407715,45.77228355407715,50.77228355407715,35.0,13.272283554077148,15.0,48.27228355407715
11375,5325.0,1675.0,12.99123477935791,15.0,line,35.0,45.49123477935791,45.49123477935791,50.49123477935791,0.0,12.99123477935791,15.0,12.99123477935791
11376,5325.0,1725.0,11.139739990234375,15.0,line+pole,35.0,43.639739990234375,43.639739990234375,48.639739990234375,35.0,11.139739990234375,15.0,46.139739990234375
11377,5325.0,1775.0,9.923674583435059,10.0,line,35.0,42.42367458343506,42.42367458343506,47.42367458343506,0.0,9.923674583435059,10.0,9.923674583435059
11378,5325.0,1825.0,9.741406440734863,10.0,line,35.0,42.24140644073486,42.24140644073486,47.24140644073486,0.0,9.741406440734863,10.0,9.741406440734863
11379,5325.0,1875.0,10.116191864013672,15.0,line,35.0,42.61619186401367,42.61619186401367,47.61619186401367,0.0,10.116191864013672,15.0,10.116191864013672
11391,5325.0,2475.0,11.62717342376709,15.0,line,35.0,44.12717342376709,44.12717342376709,49.12717342376709,0.0,11.62717342376709,15.0,11.62717342376709
11392,5325.0,2525.0,9.483946800231934,10.0,line,35.0,41.983946800231934,41.983946800231934,46.983946800231934,0.0,9.483946800231934,10.0,9.483946800231934
11393,5325.0,2575.0,17.246639251708984,20.0,line,35.0,49.746639251708984,49.746639251708984,54.746639251708984,0.0,17.246639251708984,20.0,17.246639251708984
11394,5325.0,2625.0,8.437769889831543,10.0,line,35.0,40.93776988983154,40.93776988983154,45.93776988983154,0.0,8.437769889831543,10.0,8.437769889831543
11395,5325.0,2675.0,6.8434038162231445,10.0,line+pole,35.0,39.343403816223145,39.343403816223145,44.343403816223145,35.0,6.8434038162231445,10.0,41.843403816223145
11396,5325.0,2725.0,6.0,10.0,line,35.0,38.5,38.5,43.5,0.0,6.0,10.0,6.0
11397,5325.0,2775.0,6.0,10.0,line,35.0,38.5,38.5,43.5,0.0,6.0,10.0,6.0
11398,5325.0,2825.0,10.502707481384277,15.0,line+pole,35.0,43.00270748138428,43.00270748138428,48.00270748138428,35.0,10.502707481384277,15.0,45.50270748138428
11399,5325.0,2875.0,16.18824577331543,20.0,line,35.0,48.68824577331543,48.68824577331543,53.68824577331543,0.0,16.18824577331543,20.0,16.18824577331543
11419,5325.0,3875.0,8.747154235839844,10.0,line,35.0,41.247154235839844,41.247154235839844,46.247154235839844,0.0,8.747154235839844,10.0,8.747154235839844
11420,5325.0,3925.0,11.674257278442383,15.0,line,35.0,44.17425727844238,44.17425727844238,49.17425727844238,0.0,11.674257278442383,15.0,11.674257278442383
11421,5325.0,3975.0,12.739384651184082,15.0,line,35.0,45.23938465118408,45.23938465118408,50.23938465118408,0.0,12.739384651184082,15.0,12.739384651184082
11422,5325.0,4025.0,9.682538986206055,10.0,line,35.0,42.182538986206055,42.182538986206055,47.182538986206055,0.0,9.682538986206055,10.0,9.682538986206055
11423,5325.0,4075.0,8.47472095489502,10.0,line,35.0,40.97472095489502,40.97472095489502,45.97472095489502,0.0,8.47472095489502,10.0,8.47472095489502
11424,5325.0,4125.0,8.675928115844727,10.0,line,35.0,41.17592811584473,41.17592811584473,46.17592811584473,0.0,8.675928115844727,10.0,8.675928115844727
11425,5325.0,4175.0,8.974035263061523,10.0,line+pole,35.0,41.47403526306152,41.47403526306152,46.47403526306152,35.0,8.974035263061523,10.0,43.97403526306152
11426,5325.0,4225.0,10.386115074157715,15.0,line,35.0,42.886115074157715,42.886115074157715,47.886115074157715,0.0,10.386115074157715,15.0,10.386115074157715
11427,5325.0,4275.0,8.698147773742676,10.0,line,35.0,41.198147773742676,41.198147773742676,46.198147773742676,0.0,8.698147773742676,10.0,8.698147773742676
11428,5325.0,4325.0,8.403082847595215,10.0,line+pole,35.0,40.903082847595215,40.903082847595215,45.903082847595215,35.0,8.403082847595215,10.0,43.403082847595215
11429,5325.0,4375.0,10.238080024719238,15.0,line,35.0,42.73808002471924,42.73808002471924,47.73808002471924,0.0,10.238080024719238,15.0,10.238080024719238
11430,5325.0,4425.0,8.807073593139648,10.0,line,35.0,41.30707359313965,41.30707359313965,46.30707359313965,0.0,8.807073593139648,10.0,8.807073593139648
11431,5325.0,4475.0,8.5152587890625,10.0,line,35.0,41.0152587890625,41.0152587890625,46.0152587890625,0.0,8.5152587890625,10.0,8.5152587890625
11432,5325.0,4525.0,8.61430835723877,10.0,line,35.0,41.11430835723877,41.11430835723877,46.11430835723877,0.0,8.61430835723877,10.0,8.61430835723877
11433,5325.0,4575.0,8.13230037689209,10.0,line+pole,35.0,40.63230037689209,40.63230037689209,45.63230037689209,35.0,8.13230037689209,10.0,43.13230037689209
11434,5325.0,4625.0,8.756707191467285,10.0,line,35.0,41.256707191467285,41.256707191467285,46.256707191467285,0.0,8.756707191467285,10.0,8.756707191467285
11471,5375.0,1125.0,7.791848659515381,10.0,line,35.0,40.29184865951538,40.29184865951538,45.29184865951538,0.0,7.791848659515381,10.0,7.791848659515381
11472,5375.0,1175.0,7.562439441680908,10.0,line,35.0,40.06243944168091,40.06243944168091,45.06243944168091,0.0,7.562439441680908,10.0,7.562439441680908
11476,5375.0,1375.0,10.441544532775879,15.0,line,35.0,42.94154453277588,42.94154453277588,47.94154453277588,0.0,10.441544532775879,15.0,10.441544532775879
11477,5375.0,1425.0,11.307960510253906,15.0,line+pole,35.0,43.807960510253906,43.807960510253906,48.807960510253906,35.0,11.307960510253906,15.0,46.307960510253906
11478,5375.0,1475.0,15.942964553833008,20.0,line,35.0,48.44296455383301,48.44296455383301,53.44296455383301,0.0,15.942964553833008,20.0,15.942964553833008
11485,5375.0,1825.0,14.56555461883545,15.0,line,35.0,47.06555461883545,47.06555461883545,52.06555461883545,0.0,14.56555461883545,15.0,14.56555461883545
11486,5375.0,1875.0,15.092178344726562,20.0,line+pole,35.0,47.59217834472656,47.59217834472656,52.59217834472656,35.0,15.092178344726562,20.0,50.09217834472656
11487,5375.0,1925.0,13.0654878616333,15.0,line,35.0,45.5654878616333,45.5654878616333,50.5654878616333,0.0,13.0654878616333,15.0,13.0654878616333
11488,5375.0,1975.0,12.743695259094238,15.0,line,35.0,45.24369525909424,45.24369525909424,50.24369525909424,0.0,12.743695259094238,15.0,12.743695259094238
11489,5375.0,2025.0,12.592460632324219,15.0,line,35.0,45.09246063232422,45.09246063232422,50.09246063232422,0.0,12.592460632324219,15.0,12.592460632324219
11494,5375.0,2275.0,9.006235122680664,10.0,line,35.0,41.506235122680664,41.506235122680664,46.506235122680664,0.0,9.006235122680664,10.0,9.006235122680664
11495,5375.0,2325.0,7.088375091552734,10.0,line,35.0,39.588375091552734,39.588375091552734,44.588375091552734,0.0,7.088375091552734,10.0,7.088375091552734
11496,5375.0,2375.0,7.164888381958008,10.0,line+pole,35.0,39.66488838195801,39.66488838195801,44.66488838195801,35.0,7.164888381958008,10.0,42.16488838195801
11497,5375.0,2425.0,8.673301696777344,10.0,line+pole,35.0,41.173301696777344,41.173301696777344,46.173301696777344,35.0,8.673301696777344,10.0,43.673301696777344
11498,5375.0,2475.0,12.21504020690918,15.0,line,35.0,44.71504020690918,44.71504020690918,49.71504020690918,0.0,12.21504020690918,15.0,12.21504020690918
11499,5375.0,2525.0,11.884666442871094,15.0,line+pole,35.0,44.384666442871094,44.384666442871094,49.384666442871094,35.0,11.884666442871094,15.0,46.884666442871094
11500,5375.0,2575.0,6.0,10.0,line,35.0,38.5,38.5,43.5,0.0,6.0,10.0,6.0
11501,5375.0,2625.0,6.0,10.0,line,35.0,38.5,38.5,43.5,0.0,6.0,10.0,6.0
11578,5425.0,1125.0,6.983785152435303,10.0,line+pole,35.0,39.4837851524353,39.4837851524353,44.4837851524353,35.0,6.983785152435303,10.0,41.9837851524353
11579,5425.0,1175.0,6.339123249053955,10.0,line+pole,35.0,38.839123249053955,38.839123249053955,43.839123249053955,35.0,6.339123249053955,10.0,41.339123249053955
11580,5425.0,1225.0,7.492415904998779,10.0,line,35.0,39.99241590499878,39.99241590499878,44.99241590499878,0.0,7.492415904998779,10.0,7.492415904998779
11581,5425.0,1275.0,8.883341789245605,10.0,line,35.0,41.383341789245605,41.383341789245605,46.383341789245605,0.0,8.883341789245605,10.0,8.883341789245605
11582,5425.0,1325.0,9.478497505187988,10.0,line+pole,35.0,41.97849750518799,41.97849750518799,46.97849750518799,35.0,9.478497505187988,10.0,44.47849750518799
11583,5425.0,1375.0,12.083918571472168,15.0,line+pole,35.0,44.58391857147217,44.58391857147217,49.58391857147217,35.0,12.083918571472168,15.0,47.08391857147217
11584,5425.0,1425.0,15.18405532836914,20.0,line,35.0,47.68405532836914,47.68405532836914,52.68405532836914,0.0,15.18405532836914,20.0,15.18405532836914
11594,5425.0,1925.0,13.276086807250977,15.0,line,35.0,45.77608680725098,45.77608680725098,50.77608680725098,0.0,13.276086807250977,15.0,13.276086807250977
11595,5425.0,1975.0,13.786836624145508,15.0,line,35.0,46.28683662414551,46.28683662414551,51.28683662414551,0.0,13.786836624145508,15.0,13.786836624145508
11596,5425.0,2025.0,13.20063304901123,15.0,line,35.0,45.70063304901123,45.70063304901123,50.70063304901123,0.0,13.20063304901123,15.0,13.20063304901123
11597,5425.0,2075.0,11.871491432189941,15.0,line+pole,35.0,44.37149143218994,44.37149143218994,49.37149143218994,35.0,11.871491432189941,15.0,46.87149143218994
11598,5425.0,2125.0,5.0,5.0,line,35.0,37.5,37.5,42.5,0.0,5.0,5.0,5.0
11599,5425.0,2175.0,6.489779949188232,10.0,line,35.0,38.98977994918823,38.98977994918823,43.98977994918823,0.0,6.489779949188232,10.0,6.489779949188232
11600,5425.0,2225.0,8.071402549743652,10.0,line+pole,35.0,40.57140254974365,40.57140254974365,45.57140254974365,35.0,8.071402549743652,10.0,43.07140254974365
11601,5425.0,2275.0,8.292685508728027,10.0,line,35.0,40.79268550872803,40.79268550872803,45.79268550872803,0.0,8.292685508728027,10.0,8.292685508728027
11602,5425.0,2325.0,7.965708255767822,10.0,line,35.0,40.46570825576782,40.46570825576782,45.46570825576782,0.0,7.965708255767822,10.0,7.965708255767822
11603,5425.0,2375.0,7.728368282318115,10.0,line,35.0,40.228368282318115,40.228368282318115,45.228368282318115,0.0,7.728368282318115,10.0,7.728368282318115
11604,5425.0,2425.0,7.930176258087158,10.0,line,35.0,40.43017625808716,40.43017625808716,45.43017625808716,0.0,7.930176258087158,10.0,7.930176258087158
11686,5475.0,1175.0,6.517930030822754,10.0,line,35.0,39.017930030822754,39.017930030822754,44.017930030822754,0.0,6.517930030822754,10.0,6.517930030822754
11687,5475.0,1225.0,5.815491199493408,10.0,line,35.0,38.31549119949341,38.31549119949341,43.31549119949341,0.0,5.815491199493408,10.0,5.815491199493408
11688,5475.0,1275.0,9.209399223327637,10.0,line,35.0,41.70939922332764,41.70939922332764,46.70939922332764,0.0,9.209399223327637,10.0,9.209399223327637
11689,5475.0,1325.0,11.943803787231445,15.0,line+pole,35.0,44.443803787231445,44.443803787231445,49.443803787231445,35.0,11.943803787231445,15.0,46.943803787231445
11690,5475.0,1375.0,14.295750617980957,15.0,line,35.0,46.79575061798096,46.79575061798096,51.79575061798096,0.0,14.295750617980957,15.0,14.295750617980957
11703,5475.0,2025.0,6.0,10.0,line,35.0,38.5,38.5,43.5,0.0,6.0,10.0,6.0
11704,5475.0,2075.0,9.842133522033691,10.0,line+pole,35.0,42.34213352203369,42.34213352203369,47.34213352203369,35.0,9.842133522033691,10.0,44.84213352203369
11705,5475.0,2125.0,5.0,5.0,line,35.0,37.5,37.5,42.5,0.0,5.0,5.0,5.0
11706,5475.0,2175.0,5.0,5.0,line,35.0,37.5,37.5,42.5,0.0,5.0,5.0,5.0
