edge_id,u,v,u_name,v_name,u_role,v_role,x1,y1,x2,y2,distance_m,nofly_clearance_m,route_hit_density,nearest_flz_distance_m,emergency_support,is_tn_edge,is_flz_edge,u_is_outer_zone,v_is_outer_zone,is_outer_zone_edge,edge_cost,aco_initial_desirability,edge_cost_distance_component,edge_cost_density_component,edge_cost_clearance_risk_component,edge_cost_outer_zone_component
0,2956,4805,DB01,FLZ04,DB,FLZ,1350.0,1450.0,2900.0,2350.0,1792.3448328934921,82.64764192673242,69.72972972972973,0.0,1.0,0,1,False,False,0,7.992157333839322,0.12512266190831028,0.7807582643481513,0.4520525690657932,0.8622539301221126,0.0
1,2956,3562,DB01,TN004,DB,TN_major,1350.0,1450.0,1350.0,1750.0,300.0,100.0,107.28571428571429,1662.0770138594662,0.11553253215504648,1,0,False,False,0,1.349400727231804,0.741069705847444,0.13068215167408248,0.6955251792154594,0.8333333333333334,0.0
2,2956,4282,DB01,TN005,DB,TN_major,1350.0,1450.0,2000.0,2100.0,919.2388155425118,100.0,104.15,934.0770846134702,0.5057865053076862,1,0,False,False,0,1.2318742573914883,0.8117711641426086,0.4004270210581016,0.6751965804354603,0.8333333333333334,0.0
3,2956,3709,DB01,TN011,DB,TN_major,1350.0,1450.0,3650.0,1800.0,2326.4780248263683,87.31832980412916,46.6875,150.0,0.9825754689579004,1,0,False,False,0,1.3541292885366498,0.738481922269518,1.0134305136892643,0.30267153479674075,0.8544694503264514,0.0
4,2956,2962,DB01,TN019,DB,TN_minor,1350.0,1450.0,1650.0,1450.0,300.0,100.0,96.0,1540.2921800749364,0.15668534995884562,1,0,False,False,0,1.365406534813274,0.7323826087713539,0.13068215167408248,0.62236074624872,0.8333333333333334,0.0
5,2956,5571,DB01,TN022,DB,TN_minor,1350.0,1450.0,800.0,2750.0,1411.5594213493105,92.60723449652265,77.1,1778.270880550417,0.08454209336221032,1,0,False,False,0,1.5961138889891842,0.6265217080676481,0.6148854079925024,0.49983347433100317,0.8456546091724623,0.0
6,2956,4888,DB01,TN024,DB,TN_minor,1350.0,1450.0,2000.0,2400.0,1151.0864433221338,100.0,99.44,901.3878188659974,0.530059706503893,1,0,False,False,0,1.26025356623211,0.7934911090867113,0.5014215105873442,0.6446620063226324,0.8333333333333334,0.0
7,2956,4710,DB01,TN027,DB,TN_minor,1350.0,1450.0,3200.0,2300.0,2035.9273071502332,100.0,68.14285714285714,170.718640614962,0.9774878494935632,1,0,False,False,0,1.2343487575492424,0.8101438056983717,0.8868645371680437,0.44176499398904673,0.8333333333333334,0.0
8,2956,4314,DB01,TN030,DB,TN_minor,1350.0,1450.0,3600.0,2100.0,2342.0076857260738,100.0,58.791666666666664,434.4868918762835,0.862876689682511,1,0,False,False,0,1.3552985701437124,0.7378447982085324,1.020195345359739,0.38114193270700686,0.8333333333333334,0.0
9,2711,3406,DB02,FLZ01,DB,FLZ,4250.0,1300.0,3650.0,1650.0,694.6221994724903,163.1951379827984,75.46666666666667,0.0,1.0,0,1,False,False,0,7.719771479675351,0.1295375132065508,0.3025824120921625,0.48924469774552154,0.7280081033620027,0.0
10,2711,4805,DB02,FLZ04,DB,FLZ,4250.0,1300.0,2900.0,2350.0,1710.263137648707,141.4213562373095,69.44444444444444,0.0,1.0,0,1,False,False,0,7.886187041006177,0.12680399219549995,0.7450028891893352,0.45020308611741894,0.7642977396044841,0.0
11,2711,4282,DB02,TN005,DB,TN_major,4250.0,1300.0,2000.0,2100.0,2387.9907872519107,136.94648691287344,55.30612244897959,129.51900868641303,0.9869799001124964,1,0,False,False,0,1.2479753888452312,0.8012978532575981,1.0402259141865529,0.35854541291114606,0.771755855145211,0.0
12,2711,3114,DB02,TN007,DB,TN_major,4250.0,1300.0,4200.0,1500.0,206.15528128088303,180.27756377319946,91.66666666666667,570.087712549569,0.7757645265618263,1,0,False,False,0,0.9258974850387622,1.08003317446978,0.08980271912253832,0.594268073674993,0.6995373937113343,0.0
13,2711,3709,DB02,TN011,DB,TN_major,4250.0,1300.0,3650.0,1800.0,781.0249675906655,172.86645857424165,83.11764705882354,115.2443057161611,0.9896776681831205,1,0,False,False,0,0.9216084199196015,1.0850595311262858,0.340220077586429,0.5388454255204911,0.7118892357095973,0.0
14,2711,3209,DB02,TN021,DB,TN_minor,4250.0,1300.0,3900.0,1550.0,430.11626335213134,169.33056282364575,89.4,269.2582403567252,0.9449335938648561,1,0,False,False,0,0.8912950198586993,1.1219629614429285,0.18736172921624278,0.5795734449441206,0.7177823952939237,0.0
15,2711,6219,DB02,TN026,DB,TN_minor,4250.0,1300.0,2900.0,3050.0,2210.2036105300344,159.8185699743368,73.84782608695652,261.33796292195547,0.9480410784309821,1,0,False,False,0,1.149861087084039,0.8696702682025049,0.962780544872969,0.4787498765867078,0.7336357167094387,0.0
16,2711,4710,DB02,TN027,DB,TN_minor,4250.0,1300.0,3200.0,2300.0,1450.0,176.16606585441082,80.6,162.1514830282964,0.9796680520753753,1,0,False,False,0,1.0021273208740198,0.9978771950133398,0.6316303997580653,0.5225237098713211,0.7063898902426486,0.0
17,2711,4314,DB02,TN030,DB,TN_minor,4250.0,1300.0,3600.0,2100.0,1030.7764064044152,177.1690968789105,80.04545454545455,245.24965298701127,0.9540967951811731,1,0,False,False,0,0.9693845680508184,1.0315823388964622,0.4490135956126916,0.5189286335909071,0.7047181718684825,0.0
18,7213,9253,DK01,DK03,DK,DK,2100.0,3550.0,3100.0,4550.0,1414.213562373095,424.37615961711066,96.56666666666666,141.610408264697,0.9844552830464917,0,0,False,False,0,3.8553217664620005,0.25938172235042584,0.6160415708586178,0.6260344034314381,0.2927064006381489,0.0
19,7213,8127,DK01,FLZ03,DK,FLZ,2100.0,3550.0,2350.0,4000.0,514.78150704935,432.67856868771844,115.41666666666667,0.0,1.0,0,1,False,False,0,7.121551038939326,0.14041884900244128,0.22424251661078642,0.7482375291271504,0.278869052187136,0.0
20,7213,7413,DK01,TN003,DK,TN_major,2100.0,3550.0,2000.0,3650.0,141.4213562373095,320.1562118716424,133.5,494.9747468305833,0.8257970399501007,1,0,False,False,0,0.5250993381328175,1.9044015624850439,0.06160415708586178,0.8654704127521262,0.4664063135472626,0.0
21,7213,4282,DK01,TN005,DK,TN_major,2100.0,3550.0,2000.0,2100.0,1453.4441853748633,261.72504656604804,104.38709677419355,514.78150704935,0.812994243520487,1,0,False,False,0,0.8661360264102489,1.154553060383088,0.6331307116099039,0.6767336609075464,0.5637915890565866,0.0
22,7213,8946,DK01,TN006,DK,TN_major,2100.0,3550.0,2900.0,4400.0,1167.2617529928752,390.51248379533274,98.0,126.99792211773432,0.9874786833472876,1,0,False,False,0,0.5537858306415291,1.8057522324859006,0.5084675914932345,0.6353265951289017,0.34914586034111206,0.0
23,7213,6194,DK01,TN008,DK,TN_major,2100.0,3550.0,1650.0,3050.0,672.6812023536855,304.138126514911,127.4,514.78150704935,0.812994243520487,1,0,False,False,0,0.635825614641562,1.5727582798999635,0.2930247563809617,0.8259245736675722,0.4931031224751483,0.0
24,7213,7321,DK01,TN010,DK,TN_major,2100.0,3550.0,2450.0,3600.0,353.5533905932738,460.9772228646444,120.44444444444444,410.12574291307294,0.876859336275518,1,0,False,False,0,0.3302871539840077,3.0276684634498965,0.15401039271465444,0.7808322325620515,0.23170462855892604,0.0
25,7213,8825,DK01,TN014,DK,TN_minor,2100.0,3550.0,1900.0,4350.0,824.6211251235321,195.5384722187606,128.61111111111111,351.8856766220595,0.9077946046037144,1,0,False,False,0,0.7820456170432195,1.2786977871966454,0.35921087649015326,0.83377611548946,0.6741025463020657,0.0
26,7213,6805,DK01,TN015,DK,TN_minor,2100.0,3550.0,1900.0,3350.0,282.842712474619,459.7704741377904,145.0,514.78150704935,0.812994243520487,1,0,False,False,0,0.27693452297832105,3.6109618593066557,0.12320831417172357,0.9400240438131708,0.23371587643701597,0.0
27,7213,6912,DK01,TN016,DK,TN_minor,2100.0,3550.0,2200.0,3400.0,180.27756377319946,460.9772228646444,130.2,514.78150704935,0.812994243520487,1,0,False,False,0,0.3117273873576753,3.207931162149068,0.0785301997748111,0.8440767620998264,0.23170462855892604,0.0
28,7213,8325,DK01,TN018,DK,TN_minor,2100.0,3550.0,2150.0,4100.0,552.268050859363,330.45633431497237,133.23076923076923,208.49993338661355,0.9666075839347283,1,0,False,False,0,0.48314183848638476,2.069785558487046,0.24057192395717727,0.8637250100182555,0.44923944280837935,0.0
29,7213,2962,DK01,TN019,DK,TN_minor,2100.0,3550.0,1650.0,1450.0,2147.673159491453,129.42544748829198,99.11363636363636,514.78150704935,0.812994243520487,1,0,False,False,0,1.179331860972941,0.8479377460174836,0.9355418319167268,0.6425462155280937,0.7842909208528467,0.0
30,7213,9357,DK01,TN020,DK,TN_minor,2100.0,3550.0,3250.0,4600.0,1557.2411502397438,424.26406871192853,100.54545454545455,163.75715633217376,0.9792676159389727,1,0,False,False,0,0.5358571836934118,1.8661688793784004,0.6783454139625096,0.6518285846127693,0.2928932188134524,0.0
31,7213,4888,DK01,TN024,DK,TN_minor,2100.0,3550.0,2000.0,2400.0,1154.3396380615195,277.54504138968144,101.88,514.78150704935,0.812994243520487,1,0,False,False,0,0.8153230063310641,1.2265077671486033,0.5028386255485366,0.660480341956454,0.5374249310171976,0.0
32,7213,6219,DK01,TN026,DK,TN_minor,2100.0,3550.0,2900.0,3050.0,943.3981132056604,335.4101966249685,86.1,514.78150704935,0.812994243520487,1,0,False,False,0,0.7470594444832559,1.338581564538956,0.41095098439661787,0.5581797942918207,0.44098300562505255,0.0
33,7213,8337,DK01,TN028,DK,TN_minor,2100.0,3550.0,2750.0,4100.0,851.46931829632,460.9772228646444,100.21052631578948,182.23577185396366,0.9743884689963367,1,0,False,False,0,0.4013340061219847,2.491690175130716,0.3709061419980911,0.6496572702069972,0.23170462855892604,0.0
34,7213,4314,DK01,TN030,DK,TN_minor,2100.0,3550.0,3600.0,2100.0,2086.2646045025067,125.0,78.53488372093024,307.31814857642973,0.9288716377407894,1,0,False,False,0,1.188786657155975,0.8411938290024017,0.908791824926221,0.5091357170741103,0.7916666666666666,0.0
35,9253,9104,DK03,DK05,DK,DK,3100.0,4550.0,700.0,4500.0,2400.520776831561,110.67548459556161,105.98,534.7347702075969,0.7998015691215893,0,0,False,False,0,4.547380741593258,0.21990681159669767,1.0456840675156278,0.6870603321608265,0.8155408590073974,0.0
36,9253,8719,DK03,DK06,DK,DK,3100.0,4550.0,1650.0,4300.0,1471.3938969562162,184.08935028645408,89.06451612903226,414.57474865483783,0.874349433606184,0,0,False,False,0,4.341397685234056,0.23034056598896616,0.6409497347145051,0.5773985283577674,0.6931844161892432,0.0
37,9253,8127,DK03,FLZ03,DK,FLZ,3100.0,4550.0,2350.0,4000.0,930.0537618869137,376.32499068618654,78.15,0.0,1.0,0,1,False,False,0,7.381496054169506,0.13547389210282662,0.40513808925318884,0.5066405449930986,0.37279168218968906,0.0
38,9253,4805,DK03,FLZ04,DK,FLZ,3100.0,4550.0,2900.0,2350.0,2209.072203437452,108.91156226526999,63.41304347826087,0.0,1.0,0,1,False,False,0,8.014241790985249,0.12477786746150352,0.9622876958287091,0.41110196938576,0.8184807295578833,0.0
39,9253,8713,DK03,TN001,DK,TN_major,3100.0,4550.0,1350.0,4300.0,1767.7669529663688,170.01270831221495,105.8108108108108,438.64708528850235,0.8604314744118309,1,0,False,False,0,1.0248867057832978,0.9757176030844528,0.7700519635732722,0.6859634914312327,0.7166454861463084,0.0
40,9253,7413,DK03,TN003,DK,TN_major,3100.0,4550.0,2000.0,3650.0,1421.2670403551895,320.1562118716424,102.63333333333334,49.31155050370742,0.9981020931407887,1,0,False,False,0,0.6783774352389693,1.4741056350845956,0.619114116456904,0.6653641450346559,0.4664063135472626,0.0
41,9253,8946,DK03,TN006,DK,TN_major,3100.0,4550.0,2900.0,4400.0,250.0,390.51248379533274,92.5,680.0735254367721,0.6967503397493733,1,0,False,False,0,0.617086595042861,1.6205181056161866,0.1089017930617354,0.599670510708402,0.34914586034111206,0.0
42,9253,6194,DK03,TN008,DK,TN_major,3100.0,4550.0,1650.0,3050.0,2086.2646045025067,304.138126514911,112.06976744186046,158.59716650838945,0.9805409899377245,1,0,False,False,0,0.7556863782309777,1.3233002854185987,0.908791824926221,0.7265398343441332,0.4931031224751483,0.0
43,9253,7321,DK03,TN010,DK,TN_major,3100.0,4550.0,2450.0,3600.0,1151.0864433221338,456.2928062110995,77.32,308.7272258807117,0.9282419198973438,1,0,False,False,0,0.539042260157623,1.8551421176283784,0.5014215105873442,0.5012597177078232,0.23951198964816744,0.0
44,9253,8825,DK03,TN014,DK,TN_minor,3100.0,4550.0,1900.0,4350.0,1216.552506059644,181.10770276274835,79.65384615384616,419.22786166952216,0.8717032261368175,1,0,False,False,0,1.0255177436001877,0.9751172090786017,0.5299389970545718,0.5163898659780045,0.6981538287287528,0.0
45,9253,6805,DK03,TN015,DK,TN_minor,3100.0,4550.0,1900.0,3350.0,1697.0562748477141,424.44753426373,104.4,142.94238682615133,0.9841638211291037,1,0,False,False,0,0.5358350594792782,1.866245932044452,0.7392498850303414,0.676817311545483,0.29258744289378336,0.0
46,9253,6912,DK03,TN016,DK,TN_minor,3100.0,4550.0,2200.0,3400.0,1460.3081866510233,447.017896733453,92.48387096774194,252.38858928247924,0.9514523950254191,1,0,False,False,0,0.527416892506942,1.8960333167311998,0.6361207197961113,0.5995659474109812,0.25497017211091166,0.0
47,9253,8325,DK03,TN018,DK,TN_minor,3100.0,4550.0,2150.0,4100.0,1051.189802081432,305.13849991804017,84.8695652173913,176.0740358931503,0.9760705950871491,1,0,False,False,0,0.7317012126025857,1.3666780685562938,0.45790581717951484,0.550202978567709,0.491435833469933,0.0
48,9253,9357,DK03,TN020,DK,TN_minor,3100.0,4550.0,3250.0,4600.0,158.11388300841898,424.26406871192853,88.8,930.0537618869137,0.5087587974957019,1,0,False,False,0,0.6568165719583419,1.5224950811128808,0.06887554147028115,0.5756836902800659,0.2928932188134524,0.0
49,9253,4888,DK03,TN024,DK,TN_minor,3100.0,4550.0,2000.0,2400.0,2415.0569351466643,153.7332187284458,74.8,417.2271670859923,0.8728436492455537,1,0,False,False,0,1.2168245123526036,0.8218111895745789,1.052016122334604,0.48492274811879427,0.7437779687859236,0.0
50,9253,6219,DK03,TN026,DK,TN_minor,3100.0,4550.0,2900.0,3050.0,1513.2745950421556,335.4101966249685,66.03125,670.8010028554233,0.7036021741274348,1,0,False,False,0,0.9288681448040264,1.076579066247321,0.6591932671794491,0.4280756044347478,0.44098300562505255,0.0
51,9253,4710,DK03,TN027,DK,TN_minor,3100.0,4550.0,3200.0,2300.0,2252.221125911042,332.72234489160803,61.5531914893617,297.82807044721903,0.9330485030224045,1,0,False,False,0,0.9136127929152333,1.094555601404305,0.981083675932932,0.399044689471974,0.44546275851398665,0.0
52,9253,8337,DK03,TN028,DK,TN_minor,3100.0,4550.0,2750.0,4100.0,570.087712549569,447.5628447492039,84.38461538461539,412.31056256176606,0.8756292572035382,1,0,False,False,0,0.4937270398582447,2.025410640436288,0.24833429639644505,0.547059085444588,0.25406192541799344,0.0
53,2329,2836,DK04,TN009,DK,TN_major,300.0,1150.0,400.0,1400.0,269.2582403567252,350.0,88.28571428571429,2674.4158240632664,0.003742914754369733,1,0,False,False,0,1.046868818699313,0.9552295207745845,0.1172908206859804,0.5723496148537336,0.41666666666666663,0.0
54,2329,5571,DK04,TN022,DK,TN_minor,300.0,1150.0,800.0,2750.0,1676.305461424021,250.0,72.54285714285714,1991.2307751739877,0.04515491028971929,1,0,False,False,0,1.3970893295592088,0.7157738441216975,0.7302106818730225,0.47028986152544644,0.5833333333333333,0.0
55,2329,2127,DK04,TN023,DK,TN_minor,300.0,1150.0,300.0,1050.0,100.0,460.9772228646444,68.66666666666667,2863.5642126552707,0.0016512049250036575,1,0,False,False,0,0.9081145112913489,1.1011827116141872,0.043560717224694165,0.4451608115529039,0.23170462855892604,0.0
56,2329,3446,DK04,TN025,DK,TN_minor,300.0,1150.0,600.0,1700.0,626.4982043070834,275.3427127553145,86.78571428571429,2390.083680543424,0.011528989090473545,1,0,False,False,0,1.2111708595633088,0.8256473412517148,0.2729071111959953,0.5626252281935973,0.5410954787411425,0.0
57,2329,3440,DK04,TN029,DK,TN_minor,300.0,1150.0,300.0,1700.0,550.0,450.0,82.33333333333333,2680.0186566514794,0.0036562102274707133,1,0,False,False,0,0.9301132032850161,1.0751379471532654,0.2395839447358179,0.5337607789008119,0.25,0.0
58,9104,8719,DK05,DK06,DK,DK,700.0,4500.0,1650.0,4300.0,970.8243919473799,127.30377056474015,144.52380952380952,761.5773105863908,0.635638673826052,0,0,False,False,0,4.321113577056573,0.23142182730618557,0.4228980681245547,0.936936936936937,0.7878270490587664,0.0
59,9104,8127,DK05,FLZ03,DK,FLZ,700.0,4500.0,2350.0,4000.0,1724.0939649566667,107.70329614269008,137.11111111111111,0.0,1.0,0,1,False,False,0,7.7245510661675,0.12945736152614307,0.7510276967627912,0.888880973230232,0.8204945064288498,0.0
60,9104,8713,DK05,TN001,DK,TN_major,700.0,4500.0,1350.0,4300.0,680.0735254367721,114.11818077621729,145.46666666666667,1044.030650891055,0.4267476175926629,1,0,False,False,0,1.0878914569664497,0.9192093508928435,0.29624490533552084,0.9430494085518799,0.8098030320396379,0.0
61,9104,9302,DK05,TN002,DK,TN_major,700.0,4500.0,500.0,4600.0,223.60679774997897,150.0,156.66666666666666,1724.0939649566667,0.09805118654354501,1,0,False,True,1,1.1064222184687476,0.9038140985490761,0.09740472486306213,1.0156581622808971,0.75,1.0
62,9104,8946,DK05,TN006,DK,TN_major,700.0,4500.0,2900.0,4400.0,2202.271554554524,145.57251809559173,118.15217391304348,424.62038238384457,0.868609776034288,1,0,False,False,0,1.068845473299883,0.9355889368298168,0.9593252843993724,0.7659716159107322,0.7573791365073471,0.0
63,9104,9510,DK05,TN013,DK,TN_minor,700.0,4500.0,800.0,4700.0,223.60679774997897,150.0,156.66666666666666,1700.735135169495,0.10437494476592496,1,0,False,True,1,1.1032603393575575,0.9064043764886107,0.09740472486306213,1.0156581622808971,0.75,1.0
64,9104,8825,DK05,TN014,DK,TN_minor,700.0,4500.0,1900.0,4350.0,1209.3386622447824,138.05795884337854,154.19230769230768,570.087712549569,0.7757645265618263,1,0,False,False,0,0.9028374590430961,1.1076190846798548,0.5267965949493489,0.9996170800124672,0.7699034019277025,0.0
65,9104,8491,DK05,TN017,DK,TN_minor,700.0,4500.0,350.0,4200.0,460.9772228646444,89.44271909999159,151.0,1724.0939649566667,0.09805118654354501,1,0,False,True,1,1.2515693707971656,0.7989968621260419,0.20080498452231596,0.9789215904537157,0.850928801500014,1.0
66,9104,8325,DK05,TN018,DK,TN_minor,700.0,4500.0,2150.0,4100.0,1504.1608956491323,118.36995568973374,148.125,223.60679774997897,0.9616906016054253,1,0,False,False,0,0.8944613786249096,1.117991255852029,0.6552232743581455,0.9602831826884547,0.8027167405171104,0.0
67,9104,8337,DK05,TN028,DK,TN_minor,700.0,4500.0,2750.0,4100.0,2088.6598574205423,130.00196230858083,124.13953488372093,176.4476887014181,0.9759701559320265,1,0,False,False,0,1.009335887747796,0.9907504648738609,0.9098352142766627,0.804787224679183,0.783330062819032,0.0
68,8719,8127,DK06,FLZ03,DK,FLZ,1650.0,4300.0,2350.0,4000.0,761.5773105863908,184.5602882529175,113.47058823529412,0.0,1.0,0,1,False,False,0,7.568266151568495,0.1321306597803453,0.3317485387119685,0.7356212497020715,0.6923995195784709,0.0
69,8719,8713,DK06,TN001,DK,TN_major,1650.0,4300.0,1350.0,4300.0,300.0,200.0,154.42857142857142,761.5773105863908,0.635638673826052,1,0,False,False,0,0.7698691993560651,1.2989219478275285,0.13068215167408248,1.0011487599625986,0.6666666666666667,0.0
70,8719,9302,DK06,TN002,DK,TN_major,1650.0,4300.0,500.0,4600.0,1188.4864324004714,166.31473259389196,158.68,761.5773105863908,0.635638673826052,1,0,False,True,1,0.9089882322035063,1.1001242530674673,0.5177132140718252,1.0287104501536135,0.72280877901018,1.0
71,8719,8946,DK06,TN006,DK,TN_major,1650.0,4300.0,2900.0,4400.0,1253.9936203984453,200.0,94.44444444444444,354.8689232135186,0.9063005110660215,1,0,False,False,0,0.9328661779883818,1.071965115249847,0.5462486149974715,0.6122761971196897,0.6666666666666667,0.0
72,8719,7321,DK06,TN010,DK,TN_major,1650.0,4300.0,2450.0,3600.0,1063.014581273465,122.30567315521571,125.3913043478261,235.18060582320942,0.9577094137782208,1,0,False,False,0,0.9155412343698217,1.0922500947631402,0.4630567758058008,0.8129023515313897,0.7961572114079738,0.0
73,8719,9510,DK06,TN013,DK,TN_minor,1650.0,4300.0,800.0,4700.0,939.4147114027968,200.0,148.1,761.5773105863908,0.635638673826052,1,0,False,True,1,0.8600164331304547,1.16276847915569,0.40921578600134906,0.9601211095774523,0.6666666666666667,1.0
74,8719,8825,DK06,TN014,DK,TN_minor,1650.0,4300.0,1900.0,4350.0,254.95097567963924,200.0,144.0,570.087712549569,0.7757645265618263,1,0,False,False,0,0.7287041737587681,1.372298987724808,0.11105847357740645,0.9335411193730799,0.6666666666666667,0.0
75,8719,8325,DK06,TN018,DK,TN_minor,1650.0,4300.0,2150.0,4100.0,538.5164807134504,187.19327529067306,128.58333333333334,223.60679774997897,0.9616906016054253,1,0,False,False,0,0.7379390119268521,1.355125537256627,0.2345816413719608,0.833596034255013,0.6880112078488783,0.0
76,8719,9357,DK06,TN020,DK,TN_minor,1650.0,4300.0,3250.0,4600.0,1627.8820596099706,169.33131601149697,90.23529411764706,423.9501157480576,0.8689958288878418,1,0,False,False,0,1.056993915589638,0.9460792396729699,0.7091171007382266,0.5849885935940787,0.7177811399808384,0.0
77,8719,6219,DK06,TN026,DK,TN_minor,1650.0,4300.0,2900.0,3050.0,1767.7669529663688,106.08420252182394,107.48648648648648,283.5239010544543,0.9391299586999635,1,0,False,False,0,1.0866533338941313,0.9202566897912139,0.7700519635732722,0.6968267702227363,0.8231929957969601,0.0
78,8719,8337,DK06,TN028,DK,TN_minor,1650.0,4300.0,2750.0,4100.0,1118.033988749895,197.19200818171424,99.625,170.45474594706627,0.9775566073665878,1,0,False,False,0,0.8703192934191881,1.1490035985199645,0.48702362431531065,0.6458613473440492,0.6713466530304762,0.0
79,3406,4805,FLZ01,FLZ04,FLZ,FLZ,3650.0,1650.0,2900.0,2350.0,1025.9142264341594,141.4213562373095,50.31818181818182,0.0,1.0,0,1,False,False,0,7.873657275208763,0.12700578207139274,0.4468955951448928,0.32620897069002514,0.7642977396044841,0.0
80,3406,4282,FLZ01,TN005,FLZ,TN_major,3650.0,1650.0,2000.0,2100.0,1710.263137648707,220.29664601372835,51.138888888888886,0.0,1.0,1,1,False,False,0,4.489140886779462,0.22275977190758348,0.7450028891893352,0.3315295526168673,0.6328389233104528,0.0
81,3406,3114,FLZ01,TN007,FLZ,TN_major,3650.0,1650.0,4200.0,1500.0,570.087712549569,298.20062225138156,76.76923076923077,0.0,1.0,1,1,False,False,0,4.152053993293174,0.24084465221678308,0.24833429639644505,0.49768912240081936,0.5029989629143641,0.0
82,3406,7321,FLZ01,TN010,FLZ,TN_major,3650.0,1650.0,2450.0,3600.0,2289.6506283710623,190.56180000705302,66.0,0.0,1.0,1,1,False,False,0,4.5536235698598935,0.21960532851659675,0.9973882356581515,0.42787301304599495,0.6823969999882449,0.0
83,3406,3709,FLZ01,TN011,FLZ,TN_major,3650.0,1650.0,3650.0,1800.0,150.0,335.4101966249685,53.5,0.0,1.0,1,1,False,False,0,4.119716063291992,0.24273517510352832,0.06534107583704124,0.3468364575448596,0.44098300562505255,0.0
84,3406,3209,FLZ01,TN021,FLZ,TN_minor,3650.0,1650.0,3900.0,1550.0,269.2582403567252,300.0,60.857142857142854,0.0,1.0,1,1,False,False,0,4.1678725932602685,0.23993055872606747,0.1172908206859804,0.3945322587826707,0.5,0.0
85,3406,4888,FLZ01,TN024,FLZ,TN_minor,3650.0,1650.0,2000.0,2400.0,1812.4568960391857,95.7172760376476,51.28947368421053,0.0,1.0,1,1,False,False,0,4.707414138676422,0.21243085280811277,0.7895192233030988,0.33250578246676404,0.8404712066039207,0.0
86,3406,6219,FLZ01,TN026,FLZ,TN_minor,3650.0,1650.0,2900.0,3050.0,1588.2380174268592,273.93258751013906,69.93939393939394,0.0,1.0,1,1,False,False,0,4.325517769722392,0.2311861962514095,0.6918478716264029,0.4534118062948376,0.5434456874831015,0.0
87,3406,4710,FLZ01,TN027,FLZ,TN_minor,3650.0,1650.0,3200.0,2300.0,790.5694150420949,418.0497877047661,64.3529411764706,0.0,1.0,1,1,False,False,0,4.016563170571016,0.2489690707037566,0.3443777073514057,0.41719525514466893,0.3032503538253898,0.0
88,3406,4314,FLZ01,TN030,FLZ,TN_minor,3650.0,1650.0,3600.0,2100.0,452.76925690687085,331.3608305156178,67.0,0.0,1.0,1,1,False,False,0,4.115677381798091,0.24297336920104068,0.19722953568155108,0.4343559374860858,0.44773194914063696,0.0
89,590,1081,FLZ02,TN012,FLZ,TN_major,4250.0,250.0,3550.0,500.0,743.3034373659252,180.27756377319946,14.8125,0.0,1.0,1,1,False,False,0,4.568286329175121,0.2189004646257728,0.32378830847240236,0.09602831826884546,0.6995373937113343,0.0
90,590,888,FLZ02,TN031,FLZ,TN_minor,4250.0,250.0,4000.0,400.0,291.547594742265,300.0,10.714285714285714,0.0,1.0,1,1,False,False,0,4.332836120952748,0.23079571257361792,0.12700022332107538,0.06945990471525892,0.5,0.0
91,590,448,FLZ02,TN032,FLZ,TN_minor,4250.0,250.0,2200.0,200.0,2050.609665440988,139.6971943971996,9.581395348837209,0.0,1.0,1,1,False,False,0,4.795244698549117,0.20853993129955747,0.8932602777449958,0.06211546207714937,0.767171342671334,0.0
92,8127,8713,FLZ03,TN001,FLZ,TN_major,2350.0,4000.0,1350.0,4300.0,1044.030650891055,105.40925533894602,136.77272727272728,0.0,1.0,1,1,False,False,0,4.330487106954858,0.23092090457768086,0.4547872395737864,0.8866872563742417,0.8243179077684233,0.0
93,8127,9302,FLZ03,TN002,FLZ,TN_major,2350.0,4000.0,500.0,4600.0,1944.8650338776724,120.83970941485296,150.525,0.0,1.0,1,1,False,True,1,4.358294690568703,0.22944754106783738,0.8471971578094053,0.9758422013446727,0.7986004843085783,1.0
94,8127,7413,FLZ03,TN003,FLZ,TN_major,2350.0,4000.0,2000.0,3650.0,494.9747468305833,318.5121661726597,132.45454545454547,0.0,1.0,1,1,False,False,0,3.9295196396782743,0.25448403156012067,0.21561454980051623,0.8586928099283949,0.4691463897122339,0.0
95,8127,4282,FLZ03,TN005,FLZ,TN_major,2350.0,4000.0,2000.0,2100.0,1931.9679086361657,195.39824301354682,103.975,0.0,1.0,1,1,False,False,0,4.3835160141831855,0.22812737463817337,0.8415790775528379,0.6740620686584443,0.6743362616440887,0.0
96,8127,8946,FLZ03,TN006,FLZ,TN_major,2350.0,4000.0,2900.0,4400.0,680.0735254367721,378.638808019959,72.93333333333334,0.0,1.0,1,1,False,False,0,4.0424019191987455,0.24737767792229143,0.29624490533552084,0.4728212891639581,0.368935319966735,0.0
97,8127,6194,FLZ03,TN008,FLZ,TN_major,2350.0,4000.0,1650.0,3050.0,1180.0423721205946,304.138126514911,134.36,0.0,1.0,1,1,False,False,0,4.0219050062827115,0.24863839360648168,0.5140349208510254,0.8710457277706044,0.4931031224751483,0.0
98,8127,7321,FLZ03,TN010,FLZ,TN_major,2350.0,4000.0,2450.0,3600.0,412.31056256176606,552.268050859363,80.8,0.0,1.0,1,1,False,False,0,3.6983604782294366,0.2703900838997563,0.17960543824507663,0.5238202947593393,0.07955324856772827,0.0
99,8127,9510,FLZ03,TN013,FLZ,TN_minor,2350.0,4000.0,800.0,4700.0,1700.735135169495,196.97715603592218,136.86111111111111,0.0,1.0,1,1,False,True,1,4.249103742103185,0.23534374792765794,0.7408524229722038,0.8872602421202093,0.6717047399401297,1.0
100,8127,8825,FLZ03,TN014,FLZ,TN_minor,2350.0,4000.0,1900.0,4350.0,570.087712549569,329.40392293420666,113.0,0.0,1.0,1,1,False,False,0,3.9826078224904102,0.2510917581070482,0.24833429639644505,0.7325704617302641,0.45099346177632227,0.0
101,8127,6805,FLZ03,TN015,FLZ,TN_minor,2350.0,4000.0,1900.0,3350.0,790.5694150420949,395.28470752104744,143.35294117647058,0.0,1.0,1,1,False,False,0,3.7984294554936255,0.2632667031774702,0.3443777073514057,0.9293462859118446,0.34119215413158765,0.0
102,8127,6912,FLZ03,TN016,FLZ,TN_minor,2350.0,4000.0,2200.0,3400.0,618.4658438426491,509.3794809582555,127.71428571428571,0.0,1.0,1,1,False,False,0,3.640221223121977,0.27470857915123253,0.2694081573676149,0.8279620642058864,0.15103419840290755,0.0
103,8127,8325,FLZ03,TN018,FLZ,TN_minor,2350.0,4000.0,2150.0,4100.0,223.60679774997897,380.7886552931954,83.83333333333333,0.0,1.0,1,1,False,False,0,3.9537768570934078,0.25292272076657946,0.09740472486306213,0.5434851655609482,0.3653522411780077,0.0
104,8127,9357,FLZ03,TN020,FLZ,TN_minor,2350.0,4000.0,3250.0,4600.0,1081.6653826391969,402.72829878794005,87.52173913043478,0.0,1.0,1,1,False,False,0,3.998699075005117,0.25008133426462464,0.4711811986488667,0.5673968216479499,0.3287861686867666,0.0
105,8127,4888,FLZ03,TN024,FLZ,TN_minor,2350.0,4000.0,2000.0,2400.0,1637.83393541592,239.8777236719776,106.08823529411765,0.0,1.0,1,1,False,False,0,4.270501856967127,0.23416451590310072,0.713452209216609,0.6877620133943422,0.6002037938800373,0.0
106,8127,6219,FLZ03,TN026,FLZ,TN_minor,2350.0,4000.0,2900.0,3050.0,1097.7249200050073,335.4101966249685,67.47826086956522,0.0,1.0,1,1,False,False,0,4.177615001899192,0.23937102857620637,0.4781768483083815,0.43745646656612924,0.44098300562505255,0.0
107,8127,4710,FLZ03,TN027,FLZ,TN_minor,2350.0,4000.0,3200.0,2300.0,1900.6577808748214,201.29838248299373,68.9,0.0,1.0,1,1,False,False,0,4.483967006714663,0.2230168059895439,0.8279401613360282,0.4466734939222584,0.6645026958616771,0.0
108,8127,8337,FLZ03,TN028,FLZ,TN_minor,2350.0,4000.0,2750.0,4100.0,412.31056256176606,552.268050859363,63.5,0.0,1.0,1,1,False,False,0,3.7544377746362225,0.2663514645936282,0.17960543824507663,0.4116657019457679,0.07955324856772827,0.0
109,8127,4314,FLZ03,TN030,FLZ,TN_minor,2350.0,4000.0,3600.0,2100.0,2274.313083108832,350.0,67.42553191489361,0.0,1.0,1,1,False,False,0,4.281602142512496,0.2335574317078391,0.9907070909372618,0.43711462873718826,0.41666666666666663,0.0
110,4805,8946,FLZ04,TN006,FLZ,TN_major,2900.0,2350.0,2900.0,4400.0,2050.0,99.99999999999955,63.95238095238095,0.0,1.0,1,1,False,False,0,4.6850987998509055,0.2134426706288079,0.8929947031062304,0.4145984534781899,0.8333333333333341,0.0
111,4805,3114,FLZ04,TN007,FLZ,TN_major,2900.0,2350.0,4200.0,1500.0,1553.2224567009066,141.4213562373095,72.36363636363636,0.0,1.0,1,1,False,False,0,4.534698474265244,0.22052182866734701,0.6765948422339297,0.4691279867556639,0.7642977396044841,0.0
112,4805,3709,FLZ04,TN011,FLZ,TN_major,2900.0,2350.0,3650.0,1800.0,930.0537618869137,141.4213562373095,61.0,0.0,1.0,1,1,False,False,0,4.50366908397512,0.22204118050284452,0.40513808925318884,0.3954583908455408,0.7642977396044841,0.0
113,4805,2962,FLZ04,TN019,FLZ,TN_minor,2900.0,2350.0,1650.0,1450.0,1540.2921800749364,106.75664995724452,59.46875,0.0,1.0,1,1,False,False,0,4.632863141402172,0.2158492425695403,0.6709623209965201,0.3855314127966517,0.8220722500712592,0.0
114,4805,9357,FLZ04,TN020,FLZ,TN_minor,2900.0,2350.0,3250.0,4600.0,2277.05950734714,115.2378980930312,63.255319148936174,0.0,1.0,1,1,False,False,0,4.686688990011906,0.2133702496861136,0.9919034530335017,0.410079454476384,0.8079368365116146,0.0
115,4805,3209,FLZ04,TN021,FLZ,TN_minor,2900.0,2350.0,3900.0,1550.0,1280.6248474865697,141.4213562373095,62.48148148148148,0.0,1.0,1,1,False,False,0,4.537044737540602,0.22040778917733805,0.5578493685227955,0.4050627233493791,0.7642977396044841,0.0
116,4805,6219,FLZ04,TN026,FLZ,TN_minor,2900.0,2350.0,2900.0,3050.0,700.0,100.0,60.666666666666664,0.0,1.0,1,1,False,False,0,4.548731897940569,0.21984149042785933,0.30492502057285914,0.39329741603217716,0.8333333333333334,0.0
117,4805,4710,FLZ04,TN027,FLZ,TN_minor,2900.0,2350.0,3200.0,2300.0,304.138126514911,141.4213562373095,58.75,0.0,1.0,1,1,False,False,0,4.442799038972836,0.22508332950193435,0.13248474926364295,0.38087181085533645,0.7642977396044841,0.0
118,4805,4314,FLZ04,TN030,FLZ,TN_minor,2900.0,2350.0,3600.0,2100.0,743.3034373659252,141.4213562373095,65.0,0.0,1.0,1,1,False,False,0,4.470365789899741,0.22369534105226485,0.32378830847240236,0.42139008860590416,0.7642977396044841,0.0
119,8713,9302,TN001,TN002,TN_major,TN_major,1350.0,4300.0,500.0,4600.0,901.3878188659974,136.56348152978023,157.05,1044.030650891055,0.4267476175926629,1,0,False,True,1,1.0370372083796189,0.9642855549633654,0.3926509988740555,1.0181432833162654,0.7723941974503663,1.0
120,8713,8946,TN001,TN006,TN_major,TN_major,1350.0,4300.0,2900.0,4400.0,1553.2224567009066,218.95080069504198,108.9090909090909,363.8444894456971,0.9017444875585588,1,0,False,False,0,0.889259473684693,1.1245311740750399,0.6765948422339297,0.7060494072026198,0.6350819988415968,0.0
121,8713,9510,TN001,TN013,TN_major,TN_minor,1350.0,4300.0,800.0,4700.0,680.0735254367721,265.75364531836624,161.26666666666668,1044.030650891055,0.4267476175926629,1,0,False,True,1,0.783950579652817,1.275590612411899,0.29624490533552084,1.0454796147053151,0.557077257802723,1.0
122,8713,8825,TN001,TN014,TN_major,TN_minor,1350.0,4300.0,1900.0,4350.0,552.268050859363,226.38462845343543,174.07692307692307,570.087712549569,0.7757645265618263,1,0,False,False,0,0.6196149457489268,1.6139055503112547,0.24057192395717727,1.1285275390711964,0.622692285910941,0.0
123,8713,8325,TN001,TN018,TN_major,TN_minor,1350.0,4300.0,2150.0,4100.0,824.6211251235321,121.26781251816682,151.83333333333334,223.60679774997897,0.9616906016054253,1,0,False,False,0,0.8036080953778548,1.2443876632798256,0.35921087649015326,0.9843240274871249,0.7978869791363886,0.0
124,8713,9357,TN001,TN020,TN_major,TN_minor,1350.0,4300.0,3250.0,4600.0,1923.5384061671346,150.9230856356236,109.025,452.30798302217494,0.8522885914784606,1,0,False,False,0,1.0673193027808623,0.9369267447843731,0.8379071258188546,0.7068008370809031,0.7484615239406274,0.0
125,8713,8337,TN001,TN028,TN_major,TN_minor,1350.0,4300.0,2750.0,4100.0,1414.213562373095,156.3936616613595,121.36666666666666,155.78423445622764,0.9812186656218518,1,0,False,False,0,0.8982652040271535,1.1132569707885192,0.6160415708586178,0.7868109295456908,0.7393438972310675,0.0
126,9302,8946,TN002,TN006,TN_major,TN_major,500.0,4600.0,2900.0,4400.0,2408.3189157584593,217.1360479214714,120.76,444.90849079465124,0.8567206207724476,1,0,True,False,1,0.9695032585744332,1.0314560483998882,1.049080992762363,0.7828779553853691,0.6381065867975477,1.0
127,9302,9510,TN002,TN013,TN_major,TN_minor,500.0,4600.0,800.0,4700.0,316.22776601683796,301.1034129765426,188.0,1700.735135169495,0.10437494476592496,1,0,True,True,1,0.7599420910212717,1.3158897392512092,0.1377510829405623,1.2187897947370767,0.498160978372429,1.0
128,9302,8825,TN002,TN014,TN_major,TN_minor,500.0,4600.0,1900.0,4350.0,1422.1462653327892,193.41108499834738,165.96666666666667,570.087712549569,0.7757645265618263,1,0,True,False,1,0.7955912385576311,1.2569268633638453,0.6194971131631651,1.075949359573742,0.677648191669421,1.0
129,9302,8491,TN002,TN017,TN_major,TN_minor,500.0,4600.0,350.0,4200.0,427.20018726587654,140.54567378526124,156.7,1944.8650338776724,0.05207459208953554,1,0,True,True,1,1.1672313624867796,0.8567281792955819,0.1860914655582524,1.0158742597622334,0.7657572103578979,1.0
130,9302,8325,TN002,TN018,TN_major,TN_minor,500.0,4600.0,2150.0,4100.0,1724.0939649566667,145.686271816937,158.52777777777777,223.60679774997897,0.9616906016054253,1,0,True,False,1,0.8391650795305379,1.1916606450776521,0.7510276967627912,1.0277236049888439,0.7571895469717717,1.0
131,9302,8337,TN002,TN028,TN_major,TN_minor,500.0,4600.0,2750.0,4100.0,2304.886114323222,179.00813186017209,137.52083333333334,185.88732306538478,0.973365730496955,1,0,True,False,1,0.9091336049168379,1.0999483404768367,1.0040249226115798,0.8915371714383248,0.7016531135663799,1.0
132,7413,4282,TN003,TN005,TN_major,TN_major,2000.0,3650.0,2000.0,2100.0,1550.0,300.0,114.625,494.9747468305833,0.8257970399501007,1,0,False,False,0,0.7732723639631367,1.2932054042056413,0.6751911169827596,0.7431052139454117,0.5,0.0
133,7413,8946,TN003,TN006,TN_major,TN_major,2000.0,3650.0,2900.0,4400.0,1171.537451385998,320.1562118716424,105.4,45.069390943299865,0.9984143444198318,1,0,False,False,0,0.6420572641046738,1.5574934759043102,0.5103301163796435,0.6833002359855739,0.4664063135472626,0.0
134,7413,6194,TN003,TN008,TN_major,TN_major,2000.0,3650.0,1650.0,3050.0,694.6221994724903,304.138126514911,142.26666666666668,494.9747468305833,0.8257970399501007,1,0,False,False,0,0.5836238920165469,1.7134322526529604,0.3025824120921625,0.9223040503435893,0.4931031224751483,0.0
135,7413,7321,TN003,TN010,TN_major,TN_major,2000.0,3650.0,2450.0,3600.0,452.76925690687085,320.1562118716424,147.54545454545453,386.58763560155415,0.8898006656687011,1,0,False,False,0,0.4814760596499836,2.0769464648501224,0.19722953568155108,0.9565260332970382,0.4664063135472626,0.0
136,7413,8825,TN003,TN014,TN_major,TN_minor,2000.0,3650.0,1900.0,4350.0,707.1067811865476,155.63490039905022,136.5625,396.23225512317896,0.8845676804449063,1,0,False,False,0,0.8215933827100412,1.2171470961724171,0.3080207854293089,0.8853243688499044,0.7406084993349162,0.0
137,7413,6805,TN003,TN015,TN_major,TN_minor,2000.0,3650.0,1900.0,3350.0,316.22776601683796,320.1562118716424,171.875,494.9747468305833,0.8257970399501007,1,0,False,False,0,0.4197449569022497,2.3823990820046475,0.1377510829405623,1.114252638140612,0.4664063135472626,0.0
138,7413,6912,TN003,TN016,TN_major,TN_minor,2000.0,3650.0,2200.0,3400.0,320.1562118716424,320.1562118716424,147.75,494.9747468305833,0.8257970399501007,1,0,False,False,0,0.4983730477583796,2.006529053884187,0.13946234213069889,0.9578520860234205,0.4664063135472626,0.0
139,7413,8325,TN003,TN018,TN_major,TN_minor,2000.0,3650.0,2150.0,4100.0,474.3416490252569,269.2582403567252,142.45454545454547,221.92341021172146,0.9622542573096843,1,0,False,False,0,0.5489304780205446,1.8217243167222597,0.20662662441084342,0.9235220543293033,0.5512362660721246,0.0
140,7413,2962,TN003,TN019,TN_major,TN_minor,2000.0,3650.0,1650.0,1450.0,2227.6669409945466,84.36399676768086,104.52173913043478,494.9747468305833,0.8257970399501007,1,0,False,False,0,1.2392141860645947,0.806963002235898,0.9703876968746291,0.677606537129494,0.8593933387205319,0.0
141,7413,9357,TN003,TN020,TN_major,TN_minor,2000.0,3650.0,3250.0,4600.0,1570.0318468107582,320.1562118716424,107.39393939393939,66.87792049697718,0.9965118351360369,1,0,False,False,0,0.6799419937188651,1.4707136921057253,0.6839171331268779,0.6962267944146033,0.4664063135472626,0.0
142,7413,4888,TN003,TN024,TN_major,TN_minor,2000.0,3650.0,2000.0,2400.0,1250.0,300.0,116.57692307692308,494.9747468305833,0.8257970399501007,1,0,False,False,0,0.7342747411343351,1.3618880563086817,0.5445089653086771,0.7557593837659736,0.5,0.0
143,7413,6219,TN003,TN026,TN_major,TN_minor,2000.0,3650.0,2900.0,3050.0,1081.6653826391969,320.1562118716424,96.78260869565217,485.36430894400826,0.8318977745726263,1,0,False,False,0,0.7434612679439738,1.3450599824325462,0.4711811986488667,0.627434339288791,0.4664063135472626,0.0
144,7413,8337,TN003,TN028,TN_major,TN_minor,2000.0,3650.0,2750.0,4100.0,874.642784226795,320.1562118716424,113.78947368421052,120.18504251546622,0.9887787114210276,1,0,False,False,0,0.5873485570065375,1.702566539188534,0.3810006699632261,0.7376885599724411,0.4664063135472626,0.0
145,7413,4314,TN003,TN030,TN_major,TN_minor,2000.0,3650.0,3600.0,2100.0,2227.6669409945466,126.71051872498803,84.73913043478261,307.93016684683744,0.9285984276878041,1,0,False,False,0,1.1813605343011295,0.8464816378782969,0.9703876968746291,0.5493573797276972,0.78881580212502,0.0
146,3562,4282,TN004,TN005,TN_major,TN_major,1350.0,1750.0,2000.0,2100.0,738.24115301167,234.2126289412158,105.4375,934.0770846134702,0.5057865053076862,1,0,False,False,0,0.9843021898915623,1.0159481613163608,0.32158314109973535,0.6835433456520772,0.609645618431307,0.0
147,3562,3709,TN004,TN011,TN_major,TN_major,1350.0,1750.0,3650.0,1800.0,2300.5434140654684,184.73305468672527,62.0,150.0,0.9825754689579004,1,0,False,False,0,1.1393121978736576,0.8777225433611074,1.0021332112323837,0.40194131528563165,0.6921115755221245,0.0
148,3562,2962,TN004,TN019,TN_major,TN_minor,1350.0,1750.0,1650.0,1450.0,424.26406871192853,282.842712474619,122.9,1540.2921800749364,0.15668534995884562,1,0,False,False,0,0.9870059268655631,1.0131651419517835,0.18481247125758535,0.7967514136871634,0.5285954792089683,0.0
149,3562,4888,TN004,TN024,TN_major,TN_minor,1350.0,1750.0,2000.0,2400.0,919.2388155425118,106.08233879340196,92.85,901.3878188659974,0.530059706503893,1,0,False,False,0,1.246228948557562,0.8024207760198816,0.4004270210581016,0.6019395342624339,0.8231961020109968,0.0
150,3562,3446,TN004,TN025,TN_major,TN_minor,1350.0,1750.0,600.0,1700.0,751.6648189186454,169.78847134007657,71.76470588235294,1662.0770138594662,0.11553253215504648,1,0,False,False,0,1.3974137237322324,0.7156076851236195,0.3274305862466606,0.46524516570063623,0.7170192144332057,0.0
151,3562,4710,TN004,TN027,TN_major,TN_minor,1350.0,1750.0,3200.0,2300.0,1930.0259065618782,157.67145995190825,76.7,135.49165349083503,0.9857601808489643,1,0,False,False,0,1.0948229842569137,0.9133896660734862,0.8407331275207598,0.4972403045549669,0.7372142334134862,0.0
152,3562,3440,TN004,TN029,TN_major,TN_minor,1350.0,1750.0,300.0,1700.0,1051.189802081432,179.35836051771687,71.47826086956522,1662.0770138594662,0.11553253215504648,1,0,False,False,0,1.4150112168564506,0.7067081787673543,0.45790581717951484,0.4633881643264926,0.7010693991371386,0.0
153,3562,4314,TN004,TN030,TN_major,TN_minor,1350.0,1750.0,3600.0,2100.0,2277.05950734714,282.842712474619,70.80851063829788,354.757698400851,0.906356397606667,1,0,False,False,0,0.9827957432374868,1.0175054245817545,0.9919034530335017,0.45904622418345303,0.5285954792089683,0.0
154,3562,448,TN004,TN032,TN_major,TN_minor,1350.0,1750.0,2200.0,200.0,1767.7669529663688,98.91385452647144,48.4054054054054,1647.716339605355,0.11990330683999892,1,0,False,False,0,1.6997263320601321,0.5883300041530583,0.7700519635732722,0.3138085857352076,0.8351435757892143,0.0
155,4282,8946,TN005,TN006,TN_major,TN_major,2000.0,2100.0,2900.0,4400.0,2469.817807045694,81.60882305241266,75.3921568627451,366.9604883362785,0.9001416627399471,1,0,False,False,0,1.3274269347726284,0.7533371320141906,1.0758703508923173,0.488761656316652,0.8639852949126455,0.0
156,4282,3114,TN005,TN007,TN_major,TN_major,2000.0,2100.0,4200.0,1500.0,2280.350850198276,219.33910009790316,57.744680851063826,24.786422284763596,0.9995201411615358,1,0,False,False,0,1.0847575692637383,0.9218649662695914,0.9933371855857802,0.3743544027746068,0.6344348331701615,0.0
157,4282,6194,TN005,TN008,TN_major,TN_major,2000.0,2100.0,1650.0,3050.0,1012.4228365658294,126.01065354665933,93.86363636363636,934.0770846134702,0.5057865053076862,1,0,False,False,0,1.2320139342301195,0.8116791313930195,0.44101864895466847,0.6085108622176169,0.789982244088901,0.0
158,4282,7321,TN005,TN010,TN_major,TN_major,2000.0,2100.0,2450.0,3600.0,1566.0459763365825,131.37085209912433,84.0909090909091,412.31056256176606,0.8756292572035382,1,0,False,False,0,1.1301273728709413,0.8848560118136333,0.6821808593606796,0.5451550097349109,0.7810485798347928,0.0
159,4282,3709,TN005,TN011,TN_major,TN_major,2000.0,2100.0,3650.0,1800.0,1677.0509831248423,277.54796337267265,57.94285714285714,150.0,0.9825754689579004,1,0,False,False,0,0.9298723149999797,1.075416467259832,0.730535436472966,0.37563916470012026,0.5374200610455455,0.0
160,4282,8825,TN005,TN014,TN_major,TN_minor,2000.0,2100.0,1900.0,4350.0,2252.221125911042,117.71292496244239,120.29787234042553,434.57603788429674,0.862824464646325,1,0,False,False,0,1.1166551817112003,0.8955315986333096,0.981083675932932,0.7798820166866717,0.8038117917292626,0.0
161,4282,6805,TN005,TN015,TN_major,TN_minor,2000.0,2100.0,1900.0,3350.0,1253.9936203984453,263.34219644036483,100.22222222222223,790.5694150420949,0.6136802511983585,1,0,False,False,0,0.9548775321391207,1.047254717324635,0.5462486149974715,0.649733093884659,0.5610963392660586,0.0
162,4282,6912,TN005,TN016,TN_major,TN_minor,2000.0,2100.0,2200.0,3400.0,1315.2946437965904,212.93075440818689,99.0,618.4658438426491,0.7416868759123438,1,0,False,False,0,0.9855308683581685,1.014681561081832,0.5729517804557811,0.6418095195689925,0.6451154093196885,0.0
163,4282,8325,TN005,TN018,TN_major,TN_minor,2000.0,2100.0,2150.0,4100.0,2005.617112013158,258.5279565978371,114.0,207.33141987661878,0.966974590330451,1,0,False,False,0,0.8234470954452704,1.214407100992032,0.8736611987741294,0.739053386170355,0.5691200723369382,0.0
164,4282,2962,TN005,TN019,TN_major,TN_minor,2000.0,2100.0,1650.0,1450.0,738.24115301167,356.1678755243876,97.25,934.0770846134702,0.5057865053076862,1,0,False,False,0,0.8075829175128975,1.2382629428067733,0.32158314109973535,0.6304644017988336,0.4063868741260206,0.0
165,4282,3209,TN005,TN021,TN_major,TN_minor,2000.0,2100.0,3900.0,1550.0,1978.0040444852482,202.5617189895465,54.073170731707314,33.65728004459065,0.9991153817400137,1,0,False,False,0,1.091897202895532,0.9158371294918278,0.8616327485112327,0.35055228008978967,0.6623971350174225,0.0
166,4282,4888,TN005,TN024,TN_major,TN_minor,2000.0,2100.0,2000.0,2400.0,300.0,300.0,104.57142857142857,900.0,0.5310959910353452,1,0,False,False,0,0.8170839190555876,1.2238644974873973,0.13068215167408248,0.677928670020927,0.5,0.0
167,4282,3446,TN005,TN025,TN_major,TN_minor,2000.0,2100.0,600.0,1700.0,1456.0219778561036,137.43685418725508,76.83870967741936,934.0770846134702,0.5057865053076862,1,0,False,False,0,1.316464665035366,0.7596102094947879,0.6342536165032964,0.498139548912786,0.7709385763545749,0.0
168,4282,4710,TN005,TN027,TN_major,TN_minor,2000.0,2100.0,3200.0,2300.0,1216.552506059644,90.70832376358854,62.46153846153846,98.73196037757987,0.9924133003971678,1,0,False,False,0,1.1715565539952906,0.8535652816671621,0.5299389970545718,0.40493343425798123,0.8488194603940191,0.0
169,4282,8337,TN005,TN028,TN_major,TN_minor,2000.0,2100.0,2750.0,4100.0,2136.000936329383,91.06217751111913,74.61363636363636,339.7200036921569,0.9137814835320892,1,0,False,False,0,1.2710217226221745,0.78676861473064,0.9304573277912621,0.48371456674586827,0.8482297041481348,0.0
170,4282,3440,TN005,TN029,TN_major,TN_minor,2000.0,2100.0,300.0,1700.0,1746.424919657298,115.17511068997923,73.5,934.0770846134702,0.5057865053076862,1,0,False,False,0,1.3960152732197664,0.7163245411302717,0.7607552207935079,0.4764949463466762,0.8080414821833679,0.0
171,4282,4314,TN005,TN030,TN_major,TN_minor,2000.0,2100.0,3600.0,2100.0,1600.0,200.0,63.09090909090909,250.0,0.9523447998951764,1,0,False,False,0,1.0491560490365563,0.9531470565492173,0.6969714755951066,0.4090135964930035,0.6666666666666667,0.0
172,8946,6194,TN006,TN008,TN_major,TN_major,2900.0,4400.0,1650.0,3050.0,1839.8369492974098,304.138126514911,110.57894736842105,133.42841143780674,0.9861875752427056,1,0,False,False,0,0.7308591090115921,1.3682527694734377,0.8014461708788845,0.7168749604542548,0.4931031224751483,0.0
173,8946,7321,TN006,TN010,TN_major,TN_major,2900.0,4400.0,2450.0,3600.0,917.8779875342909,390.51248379533274,76.7,283.4297266912896,0.9391691333399307,1,0,False,False,0,0.6198254117132478,1.6133575376264726,0.39983423461752604,0.4972403045549669,0.34914586034111206,0.0
174,8946,9510,TN006,TN013,TN_major,TN_minor,2900.0,4400.0,800.0,4700.0,2121.3203435596424,191.33826043961588,97.0909090909091,473.792621671613,0.8391426450537963,1,0,False,True,1,1.0667563637495474,0.9374211713020346,0.9240623562879265,0.6294330274560918,0.6811028992673069,1.0
175,8946,8825,TN006,TN014,TN_major,TN_minor,2900.0,4400.0,1900.0,4350.0,1001.2492197250393,264.6715330521267,83.04545454545455,372.04618980301206,0.8975025211976329,1,0,False,False,0,0.8389043611869724,1.1920309945523373,0.4361513413188811,0.5383774069111796,0.5588807782464555,0.0
176,8946,6805,TN006,TN015,TN_major,TN_minor,2900.0,4400.0,1900.0,3350.0,1450.0,390.4020915715591,110.56666666666666,123.87424101162802,0.9880834249882862,1,0,False,False,0,0.5437237736949563,1.8391691671017993,0.6316303997580653,0.7167953455927097,0.3493298473807349,0.0
177,8946,6912,TN006,TN016,TN_major,TN_minor,2900.0,4400.0,2200.0,3400.0,1220.6555615733703,390.51248379533274,97.07692307692308,221.3504009483606,0.9624452235856777,1,0,False,False,0,0.5751093609874947,1.738799727208308,0.5317263174644784,0.6293423571842024,0.34914586034111206,0.0
178,8946,8325,TN006,TN018,TN_major,TN_minor,2900.0,4400.0,2150.0,4100.0,807.7747210701756,343.56416020873166,84.5,167.23375265681764,0.9783876485974203,1,0,False,False,0,0.6411895116059212,1.559601306477087,0.3518724620579412,0.5478071151876754,0.4273930663187806,0.0
179,8946,9357,TN006,TN020,TN_major,TN_minor,2900.0,4400.0,3250.0,4600.0,403.11288741492746,390.51248379533274,111.0,680.0735254367721,0.6967503397493733,1,0,False,False,0,0.5737938119523662,1.742786309593411,0.1755988649831163,0.7196046128500825,0.34914586034111206,0.0
180,8946,4888,TN006,TN024,TN_major,TN_minor,2900.0,4400.0,2000.0,2400.0,2193.171219946131,170.99913005433353,76.2,337.49808692448306,0.9148563240181942,1,0,False,False,0,1.1383398567416168,0.8784722717716301,0.9553611133741093,0.4939988423349215,0.7150014499094441,0.0
181,8946,6219,TN006,TN026,TN_major,TN_minor,2900.0,4400.0,2900.0,3050.0,1350.0,335.4101966249685,66.17857142857143,550.0,0.7895215696607879,1,0,False,False,0,0.8676500140309129,1.1525384473334104,0.5880696825333712,0.4290306781245826,0.44098300562505255,0.0
182,8946,4710,TN006,TN027,TN_major,TN_minor,2900.0,4400.0,3200.0,2300.0,2121.3203435596424,346.5838070602653,64.77272727272727,289.99216714212446,0.936412142921743,1,0,False,False,0,0.8641372024986869,1.1572236412325039,0.9240623562879265,0.41991669668770165,0.4223603215662245,0.0
183,8946,8337,TN006,TN028,TN_major,TN_minor,2900.0,4400.0,2750.0,4100.0,335.4101966249685,390.51248379533274,85.5,412.31056256176606,0.8756292572035382,1,0,False,False,0,0.5596386954143109,1.7868671487408165,0.1461070872945932,0.5542900396277662,0.34914586034111206,0.0
184,8946,4314,TN006,TN030,TN_major,TN_minor,2900.0,4400.0,3600.0,2100.0,2404.1630560342614,248.37036538336548,54.44,452.76925690687085,0.8520106519007894,1,0,False,False,0,1.1343222410981724,0.8815837014990283,1.0472706704596502,0.35293040651854496,0.5860493910277242,0.0
185,3114,3709,TN007,TN011,TN_major,TN_major,4200.0,1500.0,3650.0,1800.0,626.4982043070834,235.65344126215976,85.14285714285714,133.78867023789297,0.9861134080158985,1,0,False,False,0,0.7953526952840242,1.257303842596391,0.2729071111959953,0.5519747094705909,0.6072442645630671,0.0
186,3114,3209,TN007,TN021,TN_major,TN_minor,4200.0,1500.0,3900.0,1550.0,304.138126514911,287.93777672494804,94.0,269.2582403567252,0.9449335938648561,1,0,False,False,0,0.6649863588228364,1.503790245818286,0.13248474926364295,0.6093948973685384,0.5201037054584199,0.0
187,3114,6219,TN007,TN026,TN_major,TN_minor,4200.0,1500.0,2900.0,3050.0,2022.992832414391,98.36558453695501,71.97619047619048,325.92019548518937,0.9203626705019903,1,0,False,False,0,1.2518011801488849,0.7988489033706323,0.8812301872038639,0.4666162043427283,0.836057359105075,0.0
188,3114,4710,TN007,TN027,TN_major,TN_minor,4200.0,1500.0,3200.0,2300.0,1280.6248474865697,179.82568811632257,79.55555555555556,227.21623827295298,0.9604688149736522,1,0,False,False,0,0.990567838387147,1.009521974414403,0.5578493685227955,0.5157526554561151,0.7002905198061291,0.0
189,3114,4314,TN007,TN030,TN_major,TN_minor,4200.0,1500.0,3600.0,2100.0,848.5281374238571,141.48251142124346,80.33333333333333,282.8732950245786,0.93940036538276,1,0,False,False,0,1.015430113890228,0.9848043566177948,0.3696249425151707,0.5207949300206303,0.7641958142979276,0.0
190,6194,7321,TN008,TN010,TN_major,TN_major,1650.0,3050.0,2450.0,3600.0,970.8243919473799,304.138126514911,128.0952380952381,412.31056256176606,0.8756292572035382,1,0,False,False,0,0.6347228477162841,1.575490788771782,0.4228980681245547,0.8304317497068734,0.4931031224751483,0.0
191,6194,6805,TN008,TN015,TN_major,TN_minor,1650.0,3050.0,1900.0,3350.0,390.51248379533274,304.138126514911,119.33333333333333,790.5694150420949,0.6136802511983585,1,0,False,False,0,0.7309017266473894,1.3681729889830077,0.1701100387932145,0.7736289831841727,0.4931031224751483,0.0
192,6194,6912,TN008,TN016,TN_major,TN_minor,1650.0,3050.0,2200.0,3400.0,651.9202405202649,304.138126514911,121.73333333333333,618.4658438426491,0.7416868759123438,1,0,False,False,0,0.6875866783898787,1.454362091979006,0.28398113250357865,0.7891880018403907,0.4931031224751483,0.0
193,6194,8325,TN008,TN018,TN_major,TN_minor,1650.0,3050.0,2150.0,4100.0,1162.9703349613008,230.15883706209874,136.6,223.60679774997897,0.9616906016054253,1,0,False,False,0,0.7083481645890146,1.4117351466283568,0.5065982190195708,0.8855674785164077,0.6164019382298354,0.0
194,6194,9357,TN008,TN020,TN_major,TN_minor,1650.0,3050.0,3250.0,4600.0,2227.6669409945466,304.138126514911,113.43478260869566,196.77962857527214,0.9702012681103533,1,0,False,False,0,0.7718305620386803,1.2956211494899124,0.9703876968746291,0.7353891245303037,0.4931031224751483,0.0
195,6194,4888,TN008,TN024,TN_major,TN_minor,1650.0,3050.0,2000.0,2400.0,738.24115301167,189.7952112731571,95.3125,901.3878188659974,0.530059706503893,1,0,False,False,0,1.079014423718183,0.9267716705343877,0.32158314109973535,0.6179037356961575,0.6836746478780715,0.0
196,6194,6219,TN008,TN026,TN_major,TN_minor,1650.0,3050.0,2900.0,3050.0,1250.0,250.0,77.23076923076923,700.0,0.6819407511903481,1,0,False,False,0,1.017075290043947,0.983211380503395,0.5445089653086771,0.5006812413731689,0.5833333333333333,0.0
197,6194,8337,TN008,TN028,TN_major,TN_minor,1650.0,3050.0,2750.0,4100.0,1520.690632574555,304.138126514911,118.78125,204.4064527328687,0.967884820497844,1,0,False,False,0,0.6786674261462136,1.473475757748476,0.6624237463182148,0.7700498686495393,0.4931031224751483,0.0
198,2836,5571,TN009,TN022,TN_major,TN_minor,400.0,1400.0,800.0,2750.0,1408.0127840328723,250.0,70.36666666666666,1991.2307751739877,0.04515491028971929,1,0,False,False,0,1.3749258151381734,0.7273119676638735,0.6133404673401033,0.4561817831010582,0.5833333333333333,0.0
199,2836,2127,TN009,TN023,TN_major,TN_minor,400.0,1400.0,300.0,1050.0,364.0054944640259,350.0,103.0,2674.4158240632664,0.003742914754369733,1,0,False,False,0,1.009491163321463,0.9905980719135423,0.1585634041258241,0.6677412173293558,0.41666666666666663,0.0
200,2836,3446,TN009,TN025,TN_major,TN_minor,400.0,1400.0,600.0,1700.0,360.5551275463989,291.547594742265,89.77777777777777,2390.083680543424,0.011528989090473545,1,0,False,False,0,1.1455023842372973,0.872979413889063,0.1570603995496222,0.5820225497325991,0.514087342096225,0.0
201,2836,3440,TN009,TN029,TN_major,TN_minor,400.0,1400.0,300.0,1700.0,316.22776601683796,350.0,84.875,2672.201950696489,0.003777687700316237,1,0,False,False,0,1.0630221992904973,0.9407141268239169,0.1377510829405623,0.5502382118527095,0.41666666666666663,0.0
202,7321,3709,TN010,TN011,TN_major,TN_major,2450.0,3600.0,3650.0,1800.0,2163.3307652783938,222.16998926999887,69.04444444444445,150.0,0.9825754689579004,1,0,False,False,0,1.0391403028899966,0.9623339574250543,0.9423623972977334,0.4476099163413827,0.629716684550002,0.0
203,7321,8825,TN010,TN014,TN_major,TN_minor,2450.0,3600.0,1900.0,4350.0,930.0537618869137,298.43776060161775,117.2,156.21917978585046,0.9811146432317418,1,0,False,False,0,0.6223572725039437,1.606794110361526,0.40513808925318884,0.7597987443786457,0.5026037323306372,0.0
204,7321,6805,TN010,TN015,TN_major,TN_minor,2450.0,3600.0,1900.0,3350.0,604.1522986797286,492.44289008980525,147.57142857142858,412.31056256176606,0.8756292572035382,1,0,False,False,0,0.21781899104993324,4.5909679187282535,0.26317307443436627,0.956694420944833,0.17926184985032456,0.0
205,7321,6912,TN010,TN016,TN_major,TN_minor,2450.0,3600.0,2200.0,3400.0,320.1562118716424,636.3961030678928,134.5,412.31056256176606,0.8756292572035382,1,0,False,False,0,0.05,20.0,0.13946234213069889,0.871953337192217,0.0,0.0
206,7321,8325,TN010,TN018,TN_major,TN_minor,2450.0,3600.0,2150.0,4100.0,583.09518948453,380.7886552931954,102.84615384615384,120.18504251546648,0.9887787114210276,1,0,False,False,0,0.49001678662394815,2.0407464137905675,0.25400044664215077,0.6667438443385726,0.3653522411780077,0.0
207,7321,2962,TN010,TN019,TN_major,TN_minor,2450.0,3600.0,1650.0,1450.0,2294.0139493908923,190.77557852371652,90.70212765957447,412.31056256176606,0.8756292572035382,1,0,False,False,0,1.0889664978349607,0.9183018963284543,0.9992889295892053,0.5880150401724941,0.6820407024604724,0.0
208,7321,9357,TN010,TN020,TN_major,TN_minor,2450.0,3600.0,3250.0,4600.0,1280.6248474865697,406.1655009982797,83.70370370370371,327.98470162042827,0.9193924939080926,1,0,False,False,0,0.6204269119446251,1.6117933970105618,0.5578493685227955,0.5426447864668623,0.32305749833620045,0.0
209,7321,4888,TN010,TN024,TN_major,TN_minor,2450.0,3600.0,2000.0,2400.0,1281.6005617976298,193.19985360230638,83.74074074074075,412.31056256176606,0.8756292572035382,1,0,False,False,0,0.9972374788385501,1.002770173825263,0.5582743966747573,0.5428848947794583,0.6780002439961561,0.0
210,7321,6219,TN010,TN026,TN_major,TN_minor,2450.0,3600.0,2900.0,3050.0,710.6335201775947,335.4101966249685,63.0,412.31056256176606,0.8756292572035382,1,0,False,False,0,0.7652712333827381,1.3067262381988245,0.309557058228452,0.4084242397257225,0.44098300562505255,0.0
211,7321,4710,TN010,TN027,TN_major,TN_minor,2450.0,3600.0,3200.0,2300.0,1500.8331019803634,165.56433936165746,66.625,234.86994652231783,0.957818677876884,1,0,False,False,0,1.0815568026055404,0.9245931398063747,0.6537736635682719,0.43192484082105176,0.7240594343972375,0.0
212,7321,8337,TN010,TN028,TN_major,TN_minor,2450.0,3600.0,2750.0,4100.0,583.09518948453,570.087712549569,70.6923076923077,291.547594742265,0.9357506383666208,1,0,False,False,0,0.3052578719273737,3.2759187951029087,0.25400044664215077,0.45829288926488276,0.04985381241738496,0.0
213,7321,4314,TN010,TN030,TN_major,TN_minor,2450.0,3600.0,3600.0,2100.0,1890.10581714358,279.3226125533993,66.33333333333333,404.03307851196513,0.8802640306643267,1,0,False,False,0,0.9740749273777138,1.026615070251401,0.8233436502534098,0.43003398785935854,0.5344623124110011,0.0
214,3709,3209,TN011,TN021,TN_major,TN_minor,3650.0,1800.0,3900.0,1550.0,353.5533905932738,300.0,78.33333333333333,107.52906583803284,0.9910074736815861,1,0,False,False,0,0.6780100324328491,1.4749044293810523,0.15401039271465444,0.5078290811404486,0.5,0.0
215,3709,6219,TN011,TN026,TN_major,TN_minor,3650.0,1800.0,2900.0,3050.0,1457.7379737113251,283.33333333333337,73.38709677419355,150.0,0.9825754689579004,1,0,False,False,0,0.8462845324830093,1.1816356811650424,0.635001116605377,0.47576300326473053,0.5277777777777777,0.0
216,3709,4710,TN011,TN027,TN_major,TN_minor,3650.0,1800.0,3200.0,2300.0,672.6812023536855,335.4101966249685,75.46666666666667,150.0,0.9825754689579004,1,0,False,False,0,0.6672548230337851,1.4986778146515802,0.2930247563809617,0.48924469774552154,0.44098300562505255,0.0
217,3709,8337,TN011,TN028,TN_major,TN_minor,3650.0,1800.0,2750.0,4100.0,2469.817807045694,334.5743564590687,60.3921568627451,150.0,0.9825754689579004,1,0,False,False,0,0.913222742619906,1.095023101517536,1.0758703508923173,0.3915177897152895,0.44237607256821876,0.0
218,3709,4314,TN011,TN030,TN_major,TN_minor,3650.0,1800.0,3600.0,2100.0,304.138126514911,320.7930224697945,75.125,150.0,0.9825754689579004,1,0,False,False,0,0.6525892777715943,1.5323573862793363,0.13248474926364295,0.4870296985618238,0.4653449625503425,0.0
219,1081,4314,TN012,TN030,TN_major,TN_minor,3550.0,500.0,3600.0,2100.0,1600.7810593582121,86.19068274744146,31.294117647058822,65.08100483307419,0.996696455321467,1,0,False,False,0,1.319815573692843,0.7576816185021978,0.6973117106534944,0.20287740012519548,0.8563488620875976,0.0
220,1081,888,TN012,TN031,TN_major,TN_minor,3550.0,500.0,4000.0,400.0,460.9772228646444,180.27756377319946,18.0,291.547594742265,0.9357506383666208,1,0,False,False,0,1.112442712362988,0.8989226940737077,0.20080498452231596,0.11669263992163499,0.6995373937113343,0.0
221,9510,8825,TN013,TN014,TN_minor,TN_minor,800.0,4700.0,1900.0,4350.0,1154.3396380615195,314.55573830404046,152.08,570.087712549569,0.7757645265618263,1,0,True,False,1,0.6095319665068495,1.6406030445472342,0.5028386255485366,0.985923148849014,0.47574043615993256,1.0
222,9510,8491,TN013,TN017,TN_minor,TN_minor,800.0,4700.0,350.0,4200.0,672.6812023536855,111.57499537009511,173.66666666666666,1700.735135169495,0.10437494476592496,1,0,True,True,1,1.1611021638794352,0.8612506557207971,0.2930247563809617,1.1258678777624413,0.8140416743831749,1.0
223,9510,8325,TN013,TN018,TN_minor,TN_minor,800.0,4700.0,2150.0,4100.0,1477.3286702694156,203.5313243704762,143.96774193548387,223.60679774997897,0.9616906016054253,1,0,True,False,1,0.7630792816564262,1.310479820431354,0.6435349645353946,0.9333319927782383,0.6607811260492064,1.0
224,9510,8337,TN013,TN028,TN_minor,TN_minor,800.0,4700.0,2750.0,4100.0,2040.2205763103166,323.5570631453495,120.66666666666667,213.26126893573226,0.9650922965273735,1,0,True,False,1,0.6981650292754271,1.4323261092550348,0.8887347160065626,0.7822728824376273,0.4607382280910841,1.0
225,8825,6805,TN014,TN015,TN_minor,TN_minor,1900.0,4350.0,1900.0,3350.0,1000.0,100.0,146.52380952380952,450.0,0.8536763613451477,1,0,False,False,0,0.9293712644791385,1.075996254909436,0.4356071722469416,0.9499027858171187,0.8333333333333334,0.0
226,8825,6912,TN014,TN016,TN_minor,TN_minor,1900.0,4350.0,2200.0,3400.0,996.2429422585637,215.82689823096644,139.23809523809524,324.39366516626063,0.9210767488974952,1,0,False,False,0,0.72583345759653,1.377726514993294,0.4339705709482261,0.9026700506107427,0.6402885029483893,0.0
227,8825,8325,TN014,TN018,TN_minor,TN_minor,1900.0,4350.0,2150.0,4100.0,353.5533905932738,318.6887195995491,137.33333333333334,223.60679774997897,0.9616906016054253,1,0,False,False,0,0.4702743314890016,2.126418418019456,0.15401039271465444,0.8903216231058078,0.46885213400075154,0.0
228,8825,9357,TN014,TN020,TN_minor,TN_minor,1900.0,4350.0,3250.0,4600.0,1372.953021774598,167.6860830509782,82.03448275862068,426.3035231821936,0.8676384098818501,1,0,False,False,0,1.0592350708970597,0.9440775022234735,0.5980681834431264,0.5318233532060721,0.7205231949150364,0.0
229,8825,4888,TN014,TN024,TN_minor,TN_minor,1900.0,4350.0,2000.0,2400.0,1952.5624189766636,120.41594578792295,125.65853658536585,431.8564576337837,0.8644142880877127,1,0,False,False,0,1.061345474165335,0.9422002772343488,0.8505501939660726,0.8146347979353163,0.7993067570201284,0.0
230,8825,6219,TN014,TN026,TN_minor,TN_minor,1900.0,4350.0,2900.0,3050.0,1640.1219466856726,301.8195509278916,90.97058823529412,143.37208778404386,0.984069230920985,1,0,False,False,0,0.777593007258851,1.2860197952720431,0.7144488833358951,0.5897554498000278,0.4969674151201806,0.0
231,8825,4710,TN014,TN027,TN_minor,TN_minor,1900.0,4350.0,3200.0,2300.0,2427.4472187876713,140.9235025442742,92.0,192.77073974229444,0.9713856846363804,1,0,False,False,0,1.1344991955510777,0.8814461957500592,1.0574134187548005,0.5964290484883567,0.765127495759543,0.0
232,8825,8337,TN014,TN028,TN_minor,TN_minor,1900.0,4350.0,2750.0,4100.0,886.0022573334675,335.4101966249685,87.73684210526316,209.09121407287603,0.9664211421214507,1,0,False,False,0,0.6587897217195893,1.5179350360685275,0.38594893792143886,0.568791317980601,0.44098300562505255,0.0
233,6805,6912,TN015,TN016,TN_minor,TN_minor,1900.0,3350.0,2200.0,3400.0,304.138126514911,492.44289008980525,161.875,618.4658438426491,0.7416868759123438,1,0,False,False,0,0.2057536140054143,4.860181945449014,0.13248474926364295,1.0494233937397035,0.17926184985032456,0.0
234,6805,8325,TN015,TN018,TN_minor,TN_minor,1900.0,3350.0,2150.0,4100.0,790.5694150420949,268.8226645950821,152.64705882352942,222.07297505549838,0.9622043369665212,1,0,False,False,0,0.5510805215171362,1.814616849906034,0.3443777073514057,0.9895993483550419,0.5519622256748632,0.0
235,6805,9357,TN015,TN020,TN_minor,TN_minor,1900.0,3350.0,3250.0,4600.0,1839.8369492974098,424.26406871192853,109.55263157894737,172.85680220536065,0.9769270089299722,1,0,False,False,0,0.5386062523636779,1.8566438759511088,0.8014461708788845,0.7102214327394247,0.2928932188134524,0.0
236,6805,4888,TN015,TN024,TN_minor,TN_minor,1900.0,3350.0,2000.0,2400.0,955.24865872714,282.842712474619,97.57142857142857,790.5694150420949,0.6136802511983585,1,0,False,False,0,0.8984352575600496,1.113046256349932,0.41611316702081325,0.6325481989402912,0.5285954792089683,0.0
237,6805,6219,TN015,TN026,TN_minor,TN_minor,1900.0,3350.0,2900.0,3050.0,1044.030650891055,311.84114218490134,96.36363636363636,700.0,0.6819407511903481,1,0,False,False,0,0.8295578223297178,1.205461479697238,0.4547872395737864,0.6247181733178439,0.4802647630251644,0.0
238,6805,8337,TN015,TN028,TN_minor,TN_minor,1900.0,3350.0,2750.0,4100.0,1133.5784048754633,469.75137211806566,114.70833333333333,190.83440302047615,0.9719495469245181,1,0,False,False,0,0.3716579767154579,2.690645869725546,0.4937948834679993,0.7436454576487526,0.21708104646989057,0.0
239,6912,8325,TN016,TN018,TN_minor,TN_minor,2200.0,3400.0,2150.0,4100.0,701.78344238091,360.1388621073821,144.625,193.44824171395848,0.9711871293211815,1,0,False,False,0,0.41072971180122514,2.4346911637207183,0.3057019008652727,0.9375929471481367,0.39976856315436315,0.0
240,6912,2962,TN016,TN019,TN_minor,TN_minor,2200.0,3400.0,1650.0,1450.0,2026.0799589354808,182.81297269700983,98.9047619047619,618.4658438426491,0.7416868759123438,1,0,False,False,0,1.1134416771983295,0.8981161927728677,0.8825749616580845,0.6411920981937457,0.6953117121716503,0.0
241,6912,9357,TN016,TN020,TN_minor,TN_minor,2200.0,3400.0,3250.0,4600.0,1594.5218719101974,414.39255713182155,95.42424242424242,282.2248729404444,0.9396693234751479,1,0,False,False,0,0.5927690022737984,1.6869977953707214,0.6945851637087012,0.6186281533892737,0.30934573811363075,0.0
242,6912,4888,TN016,TN024,TN_minor,TN_minor,2200.0,3400.0,2000.0,2400.0,1019.803902718557,245.4691468205653,98.31818181818181,618.4658438426491,0.7416868759123438,1,0,False,False,0,0.901330830678303,1.1094705361930677,0.4442338943096258,0.6373893438143851,0.5908847552990578,0.0
243,6912,6219,TN016,TN026,TN_minor,TN_minor,2200.0,3400.0,2900.0,3050.0,782.6237921249264,335.4101966249685,83.29411764705883,618.4658438426491,0.7416868759123438,1,0,False,False,0,0.7742996780843037,1.2914896238548128,0.34091653702071745,0.5399894710099188,0.44098300562505255,0.0
244,6912,8337,TN016,TN028,TN_minor,TN_minor,2200.0,3400.0,2750.0,4100.0,890.2246907382428,570.087712549569,96.78947368421052,253.57018654836585,0.9510081114203366,1,0,False,False,0,0.24648311117619465,4.0570731001734455,0.38778826019689405,0.6274788444908969,0.04985381241738496,0.0
245,6912,4314,TN016,TN030,TN_minor,TN_minor,2200.0,3400.0,3600.0,2100.0,1910.49731745428,102.83617759054098,73.975,293.1303089766781,0.9350743804310341,1,0,False,False,0,1.2182643079146647,0.8208399388403051,0.8322263340416265,0.4795743354557193,0.8286063706824317,0.0
246,8325,9357,TN018,TN020,TN_minor,TN_minor,2150.0,4100.0,3250.0,4600.0,1208.3045973594571,314.6172277546161,87.8076923076923,173.85051049680584,0.9766640937776095,1,0,False,False,0,0.7231928384911306,1.382757055623504,0.5263461488687325,0.5692506344895143,0.47563795374230644,0.0
247,8325,4888,TN018,TN024,TN_minor,TN_minor,2150.0,4100.0,2000.0,2400.0,1706.6048165876011,277.3967908823689,116.0,208.59099712507393,0.9665789018967154,1,0,False,False,0,0.7531509829618128,1.3277550220640197,0.7434092982967354,0.7520192350505366,0.5376720151960518,0.0
248,8325,6219,TN018,TN026,TN_minor,TN_minor,2150.0,4100.0,2900.0,3050.0,1290.348790056394,335.4101966249685,79.37037037037037,104.62669622104218,0.9914843205944082,1,0,False,False,0,0.7174117969586657,1.393899576560233,0.5620851876487283,0.5145521138931354,0.44098300562505255,0.0
249,8325,4710,TN018,TN027,TN_minor,TN_minor,2150.0,4100.0,3200.0,2300.0,2083.866598417471,163.1951379827982,76.90697674418605,122.89036095775188,0.988270859625576,1,0,False,False,0,1.1004441347093492,0.9087240037533767,0.9077472362764876,0.4985821191483811,0.728008103362003,0.0
250,8325,8337,TN018,TN028,TN_minor,TN_minor,2150.0,4100.0,2750.0,4100.0,600.0,380.7886552931954,79.6923076923077,100.0,0.9922179382602435,1,0,False,False,0,0.5651904549372799,1.7693150888596865,0.26136430334816496,0.5166392092257003,0.3653522411780077,0.0
251,8325,4314,TN018,TN030,TN_minor,TN_minor,2150.0,4100.0,3600.0,2100.0,2470.323865407125,306.8892308309303,74.27450980392157,103.22790320451152,0.9917095568507488,1,0,False,False,0,0.9098535627991728,1.099077962527828,1.0760907935441322,0.4815160348836094,0.4885179486151162,0.0
252,2962,4888,TN019,TN024,TN_minor,TN_minor,1650.0,1450.0,2000.0,2400.0,1012.4228365658294,246.9771900931416,99.5,901.3878188659974,0.530059706503893,1,0,False,False,0,0.9999963796021689,1.0000036204109384,0.44101864895466847,0.6450509817890379,0.588371349844764,0.0
253,2962,4710,TN019,TN027,TN_minor,TN_minor,1650.0,1450.0,3200.0,2300.0,1767.7669529663688,264.6042934246637,58.67567567567568,188.20341307042773,0.9727070853589933,1,0,False,False,0,0.963883018232911,1.0374702957557052,0.7700519635732722,0.38038997187668105,0.5589928442922272,0.0
254,2962,4314,TN019,TN030,TN_minor,TN_minor,1650.0,1450.0,3600.0,2100.0,2055.4804791094466,253.17149323859945,49.74418604651163,442.72911615883686,0.8580163822304241,1,0,False,False,0,1.1005666418607276,0.9086228511426626,0.8953820391136549,0.32248779947335565,0.5780475112690009,0.0
255,9357,6219,TN020,TN026,TN_minor,TN_minor,3250.0,4600.0,2900.0,3050.0,1589.0248582070703,283.1963900061228,68.03030303030303,700.0,0.6819407511903481,1,0,False,False,0,1.028491351913942,0.9722979178571391,0.6921906251136793,0.441035314181937,0.528006016656462,0.0
256,9357,4710,TN020,TN027,TN_minor,TN_minor,3250.0,4600.0,3200.0,2300.0,2300.5434140654684,208.68425251471035,58.104166666666664,301.06570933929515,0.9316361490405513,1,0,False,False,0,1.1374913913512839,0.879127532395695,1.0021332112323837,0.37668492215444443,0.6521929124754827,0.0
257,9357,8337,TN020,TN028,TN_minor,TN_minor,3250.0,4600.0,2750.0,4100.0,707.1067811865476,424.26406871192853,97.625,412.31056256176606,0.8756292572035382,1,0,False,False,0,0.5045617490022798,1.981917975307085,0.3080207854293089,0.6328954984638676,0.2928932188134524,0.0
258,3209,4888,TN021,TN024,TN_minor,TN_minor,3900.0,1550.0,2000.0,2400.0,2081.4658296498646,92.65086979337737,52.74418604651163,23.8392671363105,0.9995561058489265,1,0,False,False,0,1.2904366170672328,0.7749315129267594,0.9067014441824119,0.34193657279362816,0.8455818836777044,0.0
259,3209,6219,TN021,TN026,TN_minor,TN_minor,3900.0,1550.0,2900.0,3050.0,1802.7756377319947,263.79056814492174,72.71052631578948,154.08368610227234,0.9816226930341267,1,0,False,False,0,0.9191004936247149,1.0880203056536686,0.785301997748111,0.4713768481044993,0.5603490530917972,0.0
260,3209,4710,TN021,TN027,TN_minor,TN_minor,3900.0,1550.0,3200.0,2300.0,1025.9142264341594,300.0,76.4090909090909,114.53346162672058,0.9898039654268028,1,0,False,False,0,0.7580704462881906,1.3191386168612576,0.4468955951448928,0.4953543628996677,0.5,0.0
261,3209,4314,TN021,TN030,TN_minor,TN_minor,3900.0,1550.0,3600.0,2100.0,626.4982043070834,235.65344126215976,76.14285714285714,172.22010136337005,0.9770947118934954,1,0,False,False,0,0.8290352033256345,1.2062213956518957,0.2729071111959953,0.4936283895097734,0.6072442645630671,0.0
262,5571,2127,TN022,TN023,TN_minor,TN_minor,800.0,2750.0,300.0,1050.0,1772.004514666935,250.0,77.32432432432432,1991.2307751739877,0.04515491028971929,1,0,False,False,0,1.3920121828265597,0.7183845172744417,0.7718978758428777,0.5012877519756722,0.5833333333333333,0.0
263,5571,3446,TN022,TN025,TN_minor,TN_minor,800.0,2750.0,600.0,1700.0,1068.8779163215975,250.0,65.26086956521739,1991.2307751739877,0.04515491028971929,1,0,False,False,0,1.3545436683622263,0.7382560070647972,0.4656108866060542,0.42308128628592784,0.5833333333333333,0.0
264,5571,3440,TN022,TN029,TN_minor,TN_minor,800.0,2750.0,300.0,1700.0,1162.9703349613008,250.0,64.0,1991.2307751739877,0.04515491028971929,1,0,False,False,0,1.3688775625256626,0.7305255249818976,0.5065982190195708,0.4149071641658133,0.5833333333333333,0.0
265,2127,3446,TN023,TN025,TN_minor,TN_minor,300.0,1050.0,600.0,1700.0,715.8910531638177,262.57274124410634,94.8125,2390.083680543424,0.011528989090473545,1,0,False,False,0,1.2161706643014603,0.8222530187195203,0.3118472773055756,0.6146622734761121,0.5623787645931562,0.0
266,2127,3440,TN023,TN029,TN_minor,TN_minor,300.0,1050.0,300.0,1700.0,650.0,450.0,85.28571428571429,2680.0186566514794,0.0036562102274707133,1,0,False,False,0,0.9314333512748652,1.0736141223967197,0.2831446619605121,0.5529008415334611,0.25,0.0
267,4888,8337,TN024,TN028,TN_minor,TN_minor,2000.0,2400.0,2750.0,4100.0,1858.0904176062047,173.72906119472674,74.2051282051282,325.7130468981364,0.920459734266835,1,0,False,False,0,1.1009636677448358,0.9082951865690125,0.8093975125925778,0.48106623922109926,0.7104515646754554,0.0
268,3446,3440,TN025,TN029,TN_minor,TN_minor,600.0,1700.0,300.0,1700.0,300.0,320.1562118716424,71.57142857142857,2390.083680543424,0.011528989090473545,1,0,False,False,0,1.1502419868367844,0.8693822790715923,0.13068215167408248,0.4639921634979296,0.4664063135472626,0.0
269,6219,4710,TN026,TN027,TN_minor,TN_minor,2900.0,3050.0,3200.0,2300.0,807.7747210701756,241.40950004671052,72.94444444444444,260.42286613151356,0.9483947797600921,1,0,False,False,0,0.863900609726256,1.1575405651315256,0.3518724620579412,0.47289332165773684,0.5976508332554824,0.0
270,6219,8337,TN026,TN028,TN_minor,TN_minor,2900.0,3050.0,2750.0,4100.0,1060.6601717798212,335.4101966249685,60.47826086956522,410.1627373060356,0.8768385480542543,1,0,False,False,0,0.8109592400563723,1.233107597282555,0.4620311781439633,0.39207599548549343,0.44098300562505255,0.0
271,6219,4314,TN026,TN030,TN_minor,TN_minor,2900.0,3050.0,3600.0,2100.0,1180.0423721205946,298.760460067928,69.2,415.8585914172698,0.873621468064831,1,0,False,False,0,0.8583804221051878,1.1649846318110197,0.5140349208510254,0.44861837125428566,0.5020658998867866,0.0
272,4710,8337,TN027,TN028,TN_minor,TN_minor,3200.0,2300.0,2750.0,4100.0,1855.3975315279472,303.18313582786175,64.41025641025641,279.91391632788975,0.9406234826433593,1,0,False,False,0,0.9065814492521806,1.1030448514304791,0.8082244721028449,0.4175668254745685,0.4946947736202304,0.0
273,4710,4314,TN027,TN030,TN_minor,TN_minor,3200.0,2300.0,3600.0,2100.0,447.21359549995793,350.0,72.1,304.138126514911,0.9302837563666665,1,0,False,False,0,0.655443436514793,1.525684665205173,0.19480944972612427,0.467418852130549,0.41666666666666663,0.0
274,8337,4314,TN028,TN030,TN_minor,TN_minor,2750.0,4100.0,3600.0,2100.0,2173.131381210073,332.5645404334609,55.6,412.31056256176606,0.8756292572035382,1,0,False,False,0,0.9532694535456432,1.049021340483055,0.9466316158900104,0.36045059886905034,0.44572576594423186,0.0
275,888,448,TN031,TN032,TN_minor,TN_minor,4000.0,400.0,2200.0,200.0,1811.0770276274834,102.0784728001149,11.368421052631579,291.547594742265,0.9357506383666208,1,0,False,False,0,1.411298832819578,0.7085671558320074,0.7889181427262043,0.07370061468734841,0.8298692119998086,0.0
